Compound,Class,Chain.length,RI,Mod.position,Fly_020.x,Fly_005.x,Fly_016.x,Fly_017.x,Fly_018.x,Fly_002.x,Fly_004.x,Fly_006.x,Fly_001.x,Fly_019.x,Fly_001.y,Fly_002.y,Fly_004.y,Fly_005.y,Fly_006.y,Fly_016.y,Fly_017.y,Fly_018.y,Fly_019.y,Fly_020.y,Fly_009.x,Fly_010.x,Fly_008.x,Fly_007.x,Fly_011.x,Fly_013.x,Fly_014.x,Fly_012.x,Fly_015.x,Fly_003.x,Fly_003.y,Fly_007.y,Fly_008.y,Fly_009.y,Fly_010.y,Fly_011.y,Fly_012.y,Fly_013.y,Fly_014.y,Fly_015.y,Fly_026.x,Fly_032.x,Fly_025.x,Fly_021.x,Fly_023.x,Fly_031.x,Fly_035.x,Fly_036.x,Fly_024.x,Fly_034.x,Fly_021.y,Fly_023.y,Fly_024.y,Fly_025.y,Fly_026.y,Fly_031.y,Fly_032.y,Fly_034.y,Fly_035.y,Fly_036.y,Fly_027.x,Fly_029.x,Fly_039.x,Fly_037.x,Fly_028.x,Fly_040.x,Fly_030.x,Fly_022.x,Fly_033.x,Fly_038.x,Fly_022.y,Fly_027.y,Fly_028.y,Fly_029.y,Fly_030.y,Fly_033.y,Fly_037.y,Fly_038.y,Fly_039.y,Fly_040.y
C15,Alkane,15,1500,"NA",NA,NA,NA,NA,NA,NA,NA,NA,NA,NA,NA,NA,NA,NA,NA,NA,NA,NA,NA,NA,NA,NA,NA,NA,NA,NA,NA,NA,NA,NA,NA,NA,NA,NA,NA,NA,NA,NA,NA,NA,17.12,17.119,17.113,17.113,17.12,17.12,17.112,17.119,17.119,17.113,0.028543598578662097,0.022851049507533173,0.011890079010197563,0.01575158934990294,0.012641243003283146,0.0160439397320558,0.022106076162059958,0,0.016532985518690486,0.015626125207522736,17.12,17.112,17.112,17.119,17.113,17.113,17.113,17.112,17.113,17.112,0.020342583124836236,0,0,0,0.04526060410064186,0,0.026192923501746262,0.027960997429084745,0.030148776353547412,0.03674494978649832
C17:ene,Alkene,17,1677,"NA",21.105,21.119,21.091,21.105,21.119,21.112,21.119,21.112,21.112,21.098,0.023197583283995505,0,0.017999507309236034,0.02766376125834269,0.06003683367944633,0,0,0,0,0.021173329956834713,NA,NA,NA,NA,NA,NA,NA,NA,NA,NA,NA,NA,NA,NA,NA,NA,NA,NA,NA,NA,NA,NA,NA,NA,NA,NA,NA,NA,NA,NA,NA,NA,NA,NA,NA,NA,NA,NA,NA,NA,NA,NA,NA,NA,NA,NA,NA,NA,NA,NA,NA,NA,NA,NA,NA,NA,NA,NA,NA,NA
C17,Alkane,17,1700,"NA",21.608,21.615,21.608,21.615,21.615,21.615,21.608,21.615,21.608,21.615,0.019181491528615806,0,0.0337686908919357,0.01622707106994685,0.019021765021031922,0,0,0,0,0.023366481803324086,21.608,21.615,21.615,21.608,21.608,21.615,21.608,21.602,21.608,21.609,0.01562155838711387,0,0.08230503550553722,0.22884197658345315,0.10350367667748253,0.24392449909105912,0,0.06729928829742056,0.22380352340848256,0.2201959042200417,21.615,21.615,21.615,21.615,21.615,21.615,21.615,21.615,21.608,21.615,0.06250156665782503,0.08067854747915171,0.030123863204372613,0.045133773332594204,0.03780459553288283,0.05646723779999512,0.05677222651704084,0.0399331873289622,0.06884922194321627,0.03858890750315504,21.615,21.608,21.608,21.615,21.608,21.615,21.615,21.608,21.608,21.615,0.04041316684056492,0.19010485935176863,0.19136423561535518,0.23780040848377856,0.2059862058774605,0.2360928550423624,0.2151944030099101,0.12378507588353482,0.27392074778397085,0.14855595103243613
C19:ene,Alkene,19,1872,"NA",NA,NA,NA,NA,NA,NA,NA,NA,NA,NA,NA,NA,NA,NA,NA,NA,NA,NA,NA,NA,NA,NA,NA,NA,NA,NA,NA,NA,NA,NA,NA,NA,NA,NA,NA,NA,NA,NA,NA,NA,NA,NA,NA,NA,NA,NA,NA,NA,NA,NA,NA,NA,NA,NA,NA,NA,NA,NA,NA,NA,25.187,25.18,25.18,25.18,25.18,25.187,25.187,25.18,25.18,25.18,0.07575631687634944,0.05363881454409806,0.14196799165396995,0,0.6421489151829962,0.2824435378049893,0.12189793780754264,0.35581208129360115,0.4672817165095635,0.15905072361997794
C19:ene,Alkene,19,1873,"NA",NA,NA,NA,NA,NA,NA,NA,NA,NA,NA,NA,NA,NA,NA,NA,NA,NA,NA,NA,NA,NA,25.187,25.187,25.18,25.18,25.187,25.18,25.18,25.187,25.187,0.041929616200681134,0.033052184300202625,0.14604130072895039,0,1.3947937971681659,0.0960307999747866,0.0311147324260646,0,0.13866250600579963,0.12885828570623772,NA,NA,NA,NA,NA,NA,NA,NA,NA,NA,NA,NA,NA,NA,NA,NA,NA,NA,NA,NA,NA,NA,NA,NA,NA,NA,NA,NA,NA,NA,NA,NA,NA,NA,NA,NA,NA,NA,NA,NA
C19:ene,Alkene,19,1874,"NA",25.187,25.187,25.187,25.18,25.18,25.187,25.18,25.187,25.187,25.18,0.10981789839926805,0.01454346095336118,0.06824535147285833,0.13141496024396576,0.3371179772307098,0,0.06608095845055784,0.06904704743350604,0.1917736422767038,0.2966242184248896,NA,NA,NA,NA,NA,NA,NA,NA,NA,NA,NA,NA,NA,NA,NA,NA,NA,NA,NA,NA,NA,NA,NA,NA,NA,NA,NA,NA,NA,NA,NA,NA,NA,NA,NA,NA,NA,NA,NA,NA,NA,NA,NA,NA,NA,NA,NA,NA,NA,NA,NA,NA,NA,NA,NA,NA,NA,NA,NA,NA
C19,Alkane,19,1900,"NA",25.697,25.697,25.697,25.697,25.704,25.697,25.704,25.698,25.697,25.697,0.18522274634265434,0.09832209427405832,0.832585293109705,0.32911092529047026,0.5051259550844742,0.291035205418239,0.10966168728862792,0.5765055471428735,0.12242215319475391,0.14418910410453112,25.828,25.76,25.759,25.704,25.746,25.725,25.746,25.697,25.725,25.698,0.11650850742055657,0.11801199919891478,8.957731368007142,30.787185623172835,11.736206220866126,21.52376677563793,0.1644874356929843,7.287665027682374,18.074955926930336,17.288821560551877,25.704,25.704,25.704,25.704,25.704,25.704,25.704,25.697,25.697,25.704,0.2609413963795763,0.6552976924704383,0.22046993570603415,0.2567621654417301,0.326625525577453,0.2658061342164968,0.2573015293145845,0.3070080786691235,0.37747939693611077,0.21808938546236037,25.815,25.814,25.821,25.78,25.801,25.704,25.746,25.697,25.78,25.704,0.2908559216847883,12.486090533719775,20.562844008610934,26.168630138441035,5.297111210971431,20.53917107010798,9.724896065692008,0.5252215370801013,22.163433151841115,0.4604774829444938
C20,Alkane,20,2000,"NA",27.607,27.607,27.607,27.6,27.601,27.607,27.607,27.608,27.6,27.594,0.047567577066373115,0.03228110501112677,0.1091642553359282,0.057484480322889414,0.09420113694621628,0.04680266155740174,0.04330503014880304,0.08547122521855782,0.032227850048033996,0.03155151015855881,27.614,27.607,27.607,27.6,27.607,27.607,27.601,27.6,27.6,27.608,0.03662740397694267,0.16968336208826826,0.6923039153296261,1.909664727443578,0.7467494069080329,1.3543031575481126,0.2611296392827584,0.39461190032813176,0.9744511714859988,2.1724859889199717,27.607,27.6,27.6,27.601,27.608,27.607,27.607,27.6,27.6,27.601,0.032726669023824394,0.058924310246907224,0.032817283120727986,0.03113807645400001,0.037154514434182585,0.02137258890163703,0.0952886556953803,0.03552453907004003,0.031947281470476825,0.02762845937384241,27.614,27.614,27.614,27.614,27.608,27.607,27.607,27.6,27.607,27.6,0.04707933581477696,0.6755560980002671,1.229251251409313,1.6258389407562202,0.29649107514352646,1.20353956236624,0.8971143132066608,0.04170008856270179,1.1986456605090061,0.0531086816656654
C21:diene,Alkadiene,21,2065,"NA",NA,NA,NA,NA,NA,NA,NA,NA,NA,NA,NA,NA,NA,NA,NA,NA,NA,NA,NA,NA,NA,NA,NA,NA,NA,NA,NA,NA,NA,NA,NA,NA,NA,NA,NA,NA,NA,NA,NA,NA,NA,NA,NA,NA,NA,NA,NA,NA,NA,NA,NA,NA,NA,NA,NA,NA,NA,NA,NA,NA,28.828,28.828,28.821,28.828,28.821,28.828,28.828,28.828,28.821,28.828,0.10541963910775028,0.02638920557159554,0,0,0.05863770060511688,0,0.027723110843141382,0.04040464292718419,0.04065194579603845,0.047005382673259447
C21:diene,Alkadiene,21,2067,"NA",NA,NA,NA,NA,NA,NA,NA,NA,NA,NA,NA,NA,NA,NA,NA,NA,NA,NA,NA,NA,NA,NA,NA,NA,NA,NA,NA,NA,NA,NA,NA,NA,NA,NA,NA,NA,NA,NA,NA,NA,28.828,28.828,28.828,28.828,28.828,28.828,28.828,28.828,28.828,28.828,0.02427862303220212,0.03916826029355127,0.010876665824123825,0.013772275465846124,0.014980666324102433,0.014908958381210782,0.021783343268285973,0.011863013831574447,0.024037289087404757,0.011424748823840722,NA,NA,NA,NA,NA,NA,NA,NA,NA,NA,NA,NA,NA,NA,NA,NA,NA,NA,NA,NA
C21:ene,Alkene,21,2071,"NA",NA,NA,NA,NA,NA,NA,NA,NA,NA,NA,NA,NA,NA,NA,NA,NA,NA,NA,NA,NA,28.938,28.931,28.938,28.938,28.945,28.931,28.931,28.938,28.945,28.931,0.04919432270599175,0.01854972626023331,0.03943076234400221,0,0.038713081346105495,0,0.03734395030624645,0.02193799757552529,0,0,NA,NA,NA,NA,NA,NA,NA,NA,NA,NA,NA,NA,NA,NA,NA,NA,NA,NA,NA,NA,28.938,28.938,28.938,28.945,28.938,28.938,28.945,28.945,28.931,28.938,0.9816291811285001,0.1792379458830853,0.21593686033573598,0.1266919583326238,0.3773767293267513,0.2025875516592778,0.22891068597395905,0.28731419406362596,0.24320394859081795,0.3811076755126254
C21:ene,Alkene,21,2072,"NA",28.931,28.938,28.938,28.938,28.931,28.938,28.938,28.938,28.931,28.931,0.09117636703527518,0.026588268500543886,0.05331813331666453,0.07946712697263618,0.04695188247241321,0.04697028386350511,0.027446418907826127,0.02695373221790259,0.03946997282336037,0.037762268358937194,NA,NA,NA,NA,NA,NA,NA,NA,NA,NA,NA,NA,NA,NA,NA,NA,NA,NA,NA,NA,NA,NA,NA,NA,NA,NA,NA,NA,NA,NA,NA,NA,NA,NA,NA,NA,NA,NA,NA,NA,NA,NA,NA,NA,NA,NA,NA,NA,NA,NA,NA,NA,NA,NA,NA,NA,NA,NA,NA,NA
C21:ene,Alkene,21,2073,"NA",NA,NA,NA,NA,NA,NA,NA,NA,NA,NA,NA,NA,NA,NA,NA,NA,NA,NA,NA,NA,NA,NA,NA,NA,NA,NA,NA,NA,NA,NA,NA,NA,NA,NA,NA,NA,NA,NA,NA,NA,28.938,28.952,28.938,28.938,28.945,28.938,28.938,28.938,28.938,28.938,0.26006395112319786,0.3010401296129938,0.20372616084589562,0.23254460141147199,0.16428655922423638,0.10854342056986158,0.12287187957227166,0.14641795059502355,0.20600196458933684,0.20193111552359272,NA,NA,NA,NA,NA,NA,NA,NA,NA,NA,NA,NA,NA,NA,NA,NA,NA,NA,NA,NA
C21:ene,Alkene,21,2077,"NA",NA,NA,NA,NA,NA,NA,NA,NA,NA,NA,NA,NA,NA,NA,NA,NA,NA,NA,NA,NA,NA,NA,NA,NA,NA,NA,NA,NA,NA,NA,NA,NA,NA,NA,NA,NA,NA,NA,NA,NA,NA,NA,NA,NA,NA,NA,NA,NA,NA,NA,NA,NA,NA,NA,NA,NA,NA,NA,NA,NA,29.042,NA,29.041,29.048,29.042,29.042,29.042,29.042,29.042,29.042,0.022848242134863306,0.040606307145965824,0,0,0.027742347880158794,0.10284768176433678,0.021279411200020873,0.037031721669825934,0.03961698009564172,0.04486520140032634
C21:ene,Alkene,21,2078,"NA",NA,NA,NA,NA,NA,NA,NA,NA,NA,NA,NA,NA,NA,NA,NA,NA,NA,NA,NA,NA,NA,NA,NA,NA,NA,NA,NA,NA,NA,NA,NA,NA,NA,NA,NA,NA,NA,NA,NA,NA,29.042,29,29.042,29.042,29.042,29.042,29.042,29.042,29.042,29.042,0.12156936142652232,0.017297291505254636,0.08679425753763509,0.061515867729239004,0.03835680916373077,0.025223392817448512,0.26503846579365176,0.04655497313990019,0.03424006591605926,0.04689152614813452,NA,NA,NA,NA,NA,NA,NA,NA,NA,NA,NA,NA,NA,NA,NA,NA,NA,NA,NA,NA
C21,Alkane,21,2100,"NA",29.442,29.455,29.442,29.435,29.442,29.435,29.448,29.449,29.435,29.428,2.9800370785395938,1.6562541321295172,4.3419282117887015,2.9120800031049545,4.997322876619452,1.705291968740963,1.1769663510979869,2.498389263491024,1.2021385161518974,1.3434683725289527,29.504,29.469,29.476,29.517,29.449,29.442,29.448,29.49,29.455,29.435,2.062804129313041,12.106362927573757,7.456620572845781,13.705744720987875,7.733579113813441,9.256023123685198,18.648674984582726,3.658069404334536,9.694800572619073,16.142142865712845,29.455,29.448,29.448,29.442,29.449,29.435,29.441,29.435,29.455,29.435,1.0892316383005998,2.017722910206357,2.993999800271533,1.0722300488910446,1.3257921024252213,0.8019262867469656,1.0833891595676817,1.2120131642611451,1.631453312678216,1.165179586935799,29.504,29.504,29.496,29.497,29.49,29.455,29.462,29.441,29.476,29.441,1.536783746422899,6.065464839618002,10.538260624621302,14.042788288158018,4.430820901089421,10.579646973703696,6.905126953738424,1.67666479187586,9.58955769245674,2.1154914520124537
C22:ene,Alkene,22,2171,"NA",NA,NA,NA,NA,NA,NA,NA,NA,NA,NA,NA,NA,NA,NA,NA,NA,NA,NA,NA,NA,NA,NA,NA,NA,NA,NA,NA,NA,NA,NA,NA,NA,NA,NA,NA,NA,NA,NA,NA,NA,NA,NA,NA,NA,NA,NA,NA,NA,NA,NA,NA,NA,NA,NA,NA,NA,NA,NA,NA,NA,30.669,30.662,30.676,30.676,NA,30.696,30.71,NA,30.669,30.696,0,0.09583352024859045,0,0.2704357922824131,0.03693886374556063,0.13968424383916406,0.18367404666273887,0.04356972143233857,0.21185735904304775,0.04805087266817633
C22:ene,Alkene,22,2172,"NA",30.697,30.697,30.703,30.696,30.697,30.703,30.69,30.697,30.696,30.697,0.0399214769362927,0.029132425808122142,0.018772873522787368,0.04798870494100292,0.017587209959745963,0.041613412140457856,0.048633853983025034,0.026228595462950238,0.042682198696228135,0.04903926174191441,NA,NA,NA,NA,NA,NA,NA,NA,NA,NA,NA,NA,NA,NA,NA,NA,NA,NA,NA,NA,30.703,NA,30.703,30.697,30.697,30.697,30.696,30.696,30.696,30.697,0.05890403037112189,0.06601343365375446,0.07334103234849457,0.07903020841957788,0.04928606770893407,0.028679461393182015,0,0.04927063380268681,0.03928665272574906,0.0767158618654423,NA,NA,NA,NA,NA,NA,NA,NA,NA,NA,NA,NA,NA,NA,NA,NA,NA,NA,NA,NA
C22:ene,Alkene,22,2179,"NA",NA,NA,NA,NA,NA,NA,NA,NA,NA,NA,NA,NA,NA,NA,NA,NA,NA,NA,NA,NA,NA,NA,NA,NA,NA,NA,NA,NA,NA,NA,NA,NA,NA,NA,NA,NA,NA,NA,NA,NA,30.828,30.944,30.814,30.814,30.841,30.814,30.848,30.814,30.807,30.828,0.014992319410175314,0.02386013025905401,0.025358731031770963,0.016814832178901826,0.0193896009102504,0,0,0.014712992743868999,0,0.011681038835655884,NA,NA,NA,NA,NA,NA,NA,NA,NA,NA,NA,NA,NA,NA,NA,NA,NA,NA,NA,NA
C22:ene,Alkene,22,2186,"NA",NA,NA,NA,NA,NA,NA,NA,NA,NA,NA,NA,NA,NA,NA,NA,NA,NA,NA,NA,NA,30.959,30.945,30.945,30.938,30.945,30.931,30.938,NA,30.938,NA,0,0,0.08233334917980432,0.4586774723628866,0.029801230886486684,0.26158592634730266,0,0.0523789760498852,0.11533481904190875,0.15903429623302592,NA,NA,NA,NA,NA,NA,NA,NA,NA,NA,NA,NA,NA,NA,NA,NA,NA,NA,NA,NA,30.952,30.952,30.951,30.952,30.945,NA,30.945,NA,30.938,NA,0,0.15632748556797307,0.22302285440413105,0.21892918329684757,0.049967019065009076,0.12039055109197302,0.13903275563831533,0,0.1918076766254548,0
C22,Alkane,22,2200,"NA",31.179,31.179,31.172,31.179,31.172,31.172,31.172,31.172,31.172,31.172,0.46439147773280554,0.4089183277010491,0.42575733329688303,0.41759659520220727,0.5060069211234538,0.3979272137507114,0.5072663490267978,0.43642625898383414,0.4783373996117134,0.6412018285624533,31.186,31.172,31.179,31.179,31.172,31.172,31.172,31.179,31.172,31.172,0.3412958118487201,0.6713851181404725,0.5179959427860324,0.7999100311344653,0.6104349767352572,0.6585563784544829,0.8897894262467032,0.4569829616321348,0.594182488232624,0.9613352813842118,31.179,31.186,31.179,31.179,31.179,31.172,31.172,31.179,31.172,31.172,0.41636143478306353,0.24811065705518864,0.5672900080080522,0.43612175243440643,0.3714532907650037,0.2599879936838655,0.2977260459787427,0.30000575264747803,0.2234348881205359,0.3626412141639173,31.186,31.179,31.172,31.179,31.179,31.179,31.179,31.179,31.172,31.179,0.2895450046648973,0.3261000532875874,0.5014199379687574,0.5999675656246847,0.46815388470839664,0.4950690030440884,0.40447279355854077,0.39984609980757946,0.57672053127752,0.2774627855052625
C23:diene,Alkadiene,23,2263,"NA",NA,NA,NA,NA,NA,NA,NA,NA,NA,NA,NA,NA,NA,NA,NA,NA,NA,NA,NA,NA,NA,NA,NA,NA,NA,NA,NA,NA,NA,NA,NA,NA,NA,NA,NA,NA,NA,NA,NA,NA,32.324,32.324,32.324,32.338,32.324,32.324,32.324,32.324,32.317,32.324,0.3352242889986021,0.5182484488144007,0.3042638465099424,0.35417370088028577,0.2933319245469925,13.60362595676027,0.4314614929057957,0.3611140505440805,0.3883635054936292,0.33871227226133127,NA,NA,NA,NA,NA,NA,NA,NA,NA,NA,NA,NA,NA,NA,NA,NA,NA,NA,NA,NA
C23:diene,Alkadiene,23,2265,"NA",32.331,32.324,32.317,32.317,32.317,32.317,32.317,NA,32.324,32.317,0.4193533738039294,0.29641630868447116,0.16683003102509153,0.5484511072270842,0,0.3413024003861062,0.3324939934863518,0.2950483352572589,0.41159412300712744,0.3112056668110718,NA,NA,NA,NA,NA,NA,NA,NA,NA,NA,NA,NA,NA,NA,NA,NA,NA,NA,NA,NA,NA,NA,NA,NA,NA,NA,NA,NA,NA,NA,NA,NA,NA,NA,NA,NA,NA,NA,NA,NA,32.331,32.324,NA,32.317,32.317,32.331,NA,32.324,32.324,NA,0.4438021435856442,0.30049233651602375,0.26668166989836484,0.25068611190903967,0,0.4549034619440816,0.3286723393611596,0,0,0.4949771928465781
C23:diene,Alkadiene,23,2266,"NA",NA,NA,NA,NA,NA,NA,NA,NA,NA,NA,NA,NA,NA,NA,NA,NA,NA,NA,NA,NA,32.317,NA,32.324,32.317,NA,32.317,NA,32.317,32.31,32.317,0.3301193223591717,0.2724043299885935,0.19904862942237508,0.19402877740469343,0,0,0.2036805434660754,0.2260112905082576,0,0.15578116798907535,NA,NA,NA,NA,NA,NA,NA,NA,NA,NA,NA,NA,NA,NA,NA,NA,NA,NA,NA,NA,NA,NA,NA,NA,NA,NA,NA,NA,NA,NA,NA,NA,NA,NA,NA,NA,NA,NA,NA,NA
C23:ene,Alkene,23,2269,"NA",NA,NA,NA,NA,NA,NA,NA,NA,NA,NA,NA,NA,NA,NA,NA,NA,NA,NA,NA,NA,NA,NA,NA,NA,NA,NA,NA,NA,NA,NA,NA,NA,NA,NA,NA,NA,NA,NA,NA,NA,32.455,32.427,32.455,32.462,32.427,32.448,32.413,32.441,32.434,32.427,4.072439681782902,2.8384823003885935,4.373981966691396,4.073585120326356,2.8910316553321285,2.533332558916733,1.6547370317187549,3.8695433206834737,1.855630117575178,5.1321243108448,NA,NA,NA,NA,NA,NA,NA,NA,NA,NA,NA,NA,NA,NA,NA,NA,NA,NA,NA,NA
C23:ene,Alkene,23,2270,"NA",32.441,32.427,32.42,32.42,32.414,32.413,32.407,32.407,32.407,32.407,3.0881233520201987,2.432264406372817,1.5252782438807821,2.9772561053142885,1.5013320516224629,3.2749959277329848,3.8499133786917437,2.749004862715792,3.394681482045984,3.5632103416587846,NA,NA,NA,NA,NA,NA,NA,NA,NA,NA,NA,NA,NA,NA,NA,NA,NA,NA,NA,NA,NA,NA,NA,NA,NA,NA,NA,NA,NA,NA,NA,NA,NA,NA,NA,NA,NA,NA,NA,NA,NA,NA,NA,NA,NA,NA,NA,NA,NA,NA,NA,NA,NA,NA,NA,NA,NA,NA,NA,NA
C23:ene,Alkene,23,2271,"NA",NA,NA,NA,NA,NA,NA,NA,NA,NA,NA,NA,NA,NA,NA,NA,NA,NA,NA,NA,NA,32.42,32.414,32.413,32.427,NA,32.407,32.4,32.4,32.399,32.407,2.640372367111901,3.113526043018065,1.651176967962893,1.7095719976494486,0.9978986262863079,0,2.8474476140732685,2.1917934180033605,0.968429118189192,2.0115150480984427,NA,NA,NA,NA,NA,NA,NA,NA,NA,NA,NA,NA,NA,NA,NA,NA,NA,NA,NA,NA,32.431,32.427,32.427,32.43,32.414,32.427,32.441,32.434,32.42,32.441,3.0289602456314455,1.5397836674830658,1.2071151520103705,1.034197449740916,2.9712770802062307,3.243037367574682,1.559865326266741,3.5398256894796263,1.9837250572457448,2.0935606518569627
C23:ene,Alkene,23,2274,"NA",NA,NA,NA,NA,NA,NA,NA,NA,NA,NA,NA,NA,NA,NA,NA,NA,NA,NA,NA,NA,NA,NA,NA,NA,NA,NA,NA,NA,NA,NA,NA,NA,NA,NA,NA,NA,NA,NA,NA,NA,32.551,32.53,32.551,32.565,32.531,32.545,32.524,32.531,32.538,32.538,1.8774643868593301,0.3813383789819587,1.734953953745206,0.9932418685560003,0.9167330119214007,0.7955114618424594,0.32063793756169523,1.548947019727645,0.2805744302107151,1.0018647151082656,NA,NA,NA,NA,NA,NA,NA,NA,NA,NA,NA,NA,NA,NA,NA,NA,NA,NA,NA,NA
C23:ene,Alkene,23,2276,"NA",32.531,32.531,32.524,32.524,32.524,32.517,32.517,32.517,32.517,32.517,0.22267729228509525,0.1914586081694472,0.17880055572787037,0.1634991494857892,0.18221570085817937,0.2138175335477765,0.4136656626663863,0.23715986672526052,0.3183986175648532,0.32365497749275207,NA,NA,NA,NA,NA,NA,NA,NA,NA,NA,NA,NA,NA,NA,NA,NA,NA,NA,NA,NA,NA,NA,NA,NA,NA,NA,NA,NA,NA,NA,NA,NA,NA,NA,NA,NA,NA,NA,NA,NA,NA,NA,NA,NA,NA,NA,NA,NA,NA,NA,NA,NA,NA,NA,NA,NA,NA,NA,NA,NA
C23,Alkane,23,2300,"NA",33.048,32.958,32.972,32.979,32.944,32.965,32.903,32.903,32.91,32.924,18.005763247118367,22.142228511373176,10.991510864288093,16.059735903591037,11.688325573578865,20.42709867338421,26.257277962744226,18.867314972435263,20.932245102248242,33.950206972762274,32.931,32.903,32.924,32.993,32.862,32.924,32.876,32.924,32.882,32.917,14.832831251480217,24.73604913077091,11.160928097064168,13.041831964728848,8.687867090335427,6.277990957970565,23.75915807144699,18.90821191008932,9.278471459450815,18.759013898715295,33.096,32.979,33.068,33.069,32.972,33,32.944,32.993,33.027,32.972,24.527138641735277,14.561250179469098,32.182694933627225,23.88385116553098,24.185529698393264,19.13753857795649,10.134389394056923,21.768277139964464,10.432141842672806,22.430293649096427,32.944,32.903,32.923,32.931,32.896,32.979,32.965,32.986,32.91,32.993,16.88169115963277,8.07808909695516,7.12511970599211,7.91780436674104,16.071485418202016,13.362523042830823,8.393239917592062,21.710407161882994,9.161946783668974,12.393952023794268
11-MeC23,Methyl,23,2330,11-,NA,NA,NA,NA,NA,NA,NA,NA,NA,NA,NA,NA,NA,NA,NA,NA,NA,NA,NA,NA,NA,NA,NA,NA,NA,NA,NA,NA,NA,NA,NA,NA,NA,NA,NA,NA,NA,NA,NA,NA,33.468,33.441,33.468,33.462,33.448,33.427,33.441,33.448,33.448,33.448,0.01248618935366349,0.024561330434346943,0,0,0.013102512039488975,0.026774559400696216,0.05576736891407068,0.017336538824818785,0.021028962841880175,0,NA,NA,NA,NA,NA,NA,NA,NA,NA,NA,NA,NA,NA,NA,NA,NA,NA,NA,NA,NA
C24:ene,Alkene,24,2370,"NA",NA,NA,NA,NA,NA,NA,NA,NA,NA,NA,NA,NA,NA,NA,NA,NA,NA,NA,NA,NA,NA,NA,NA,NA,NA,NA,NA,NA,NA,NA,NA,NA,NA,NA,NA,NA,NA,NA,NA,NA,34.048,34.054,34.048,34.048,34.041,34.034,34.027,34.041,34.041,34.041,0.16230875268940073,0.11042140857914966,0.15836657313020996,0.17181360174015048,0.15717993016491882,0.12649267483408755,0.3878863873020762,0.18840711398678137,0.2095691497948189,0.19970037708403765,NA,NA,NA,NA,NA,NA,NA,NA,NA,NA,NA,NA,NA,NA,NA,NA,NA,NA,NA,NA
C24:ene,Alkene,24,2372,"NA",34.055,34.034,34.041,34.034,34.034,34.034,34.034,34.034,34.034,34.027,0.2398810722773661,0.14648389828234995,0.11322052898050299,0.25623684347540227,0.09396465509371107,0.3191357028549005,0.38795957773312395,0.5369921507773961,0.2269146636794259,0.4517682444364702,NA,NA,NA,NA,NA,NA,NA,NA,NA,NA,NA,NA,NA,NA,NA,NA,NA,NA,NA,NA,NA,NA,NA,NA,NA,NA,NA,NA,NA,NA,NA,NA,NA,NA,NA,NA,NA,NA,NA,NA,NA,NA,NA,NA,NA,NA,NA,NA,NA,NA,NA,NA,NA,NA,NA,NA,NA,NA,NA,NA
C24,Alkane,24,2400,"NA",34.482,34.468,34.468,34.468,34.468,34.468,34.461,34.462,34.468,34.455,1.1236054593300155,0.8764048808135728,0.6803568593536415,0.8655069817910757,0.6434888644486644,1.0955215608390383,1.3890048638601262,1.1951028696516366,0.9425623628750246,1.5357839427385684,34.468,34.468,34.468,34.475,34.461,34.461,34.461,34.461,34.461,34.462,0.7714740388403393,1.181090161413387,0.46081074649520165,0.48334991036393754,0.6363605075172208,0.38984762086098673,0.8443294651051206,0.6552490655447492,0.3808445939834596,0.9105991993360081,34.489,34.475,34.489,34.482,34.468,34.475,34.468,34.475,34.468,34.468,0.8086992087262206,0.6101230254037808,1.002004526966214,0.8890685484397772,0.766053204050353,0.6647480546053377,0.5579908381265585,0.763074345225265,0.5458909162828357,0.7838158163643758,34.468,34.461,34.468,34.468,34.462,34.468,34.475,34.468,34.461,34.469,0.6948198103820511,0.37893974271465447,0.33632498011737,0.31105330589337843,0.6062053442778178,0.48558033675199597,0.4867966484537202,0.845548465510384,0.3611570500478901,0.7353834616491964
C25:ene,Alkene,25,2469,"NA",NA,NA,NA,NA,NA,NA,NA,NA,NA,NA,NA,NA,NA,NA,NA,NA,NA,NA,NA,NA,NA,NA,NA,NA,NA,NA,NA,NA,NA,NA,NA,NA,NA,NA,NA,NA,NA,NA,NA,NA,35.661,35.64,35.668,35.661,35.648,35.648,35.627,35.647,35.634,35.641,3.7134345085699754,2.8933554041365928,3.659616288802081,3.7437845496051154,3.4416439123315987,3.155312737351111,2.6904906251683336,4.196966806351628,2.181121358979346,4.86601089340094,NA,NA,NA,NA,NA,NA,NA,NA,NA,NA,NA,NA,NA,NA,NA,NA,NA,NA,NA,NA
C25:diene,Alkadiene,25,2469,"NA",35.572,35.565,35.565,35.565,35.558,35.551,NA,NA,NA,35.551,0,0.702441077475825,0,1.2861683932226187,0,1.7438122788907415,2.310782592274808,1.4008861459825943,1.4986949368797517,1.3298147859677165,NA,NA,NA,NA,NA,NA,NA,NA,NA,NA,NA,NA,NA,NA,NA,NA,NA,NA,NA,NA,NA,NA,NA,NA,NA,NA,NA,NA,NA,NA,NA,NA,NA,NA,NA,NA,NA,NA,NA,NA,NA,NA,NA,NA,NA,NA,NA,NA,NA,NA,NA,NA,NA,NA,NA,NA,NA,NA,NA,NA
C25:ene,Alkene,25,2473,"NA",NA,NA,NA,NA,NA,NA,NA,NA,NA,NA,NA,NA,NA,NA,NA,NA,NA,NA,NA,NA,NA,NA,NA,NA,NA,NA,NA,NA,NA,NA,NA,NA,NA,NA,NA,NA,NA,NA,NA,NA,35.765,35.751,35.716,NA,35.696,35.703,35.737,35.696,35.744,NA,0,1.317212965774786,1.62807625316997,0.4653354312802908,1.181351489107494,0.4738168938594179,0.6312247872290258,0,0.7542890742774737,0.5036831174191346,NA,NA,NA,NA,NA,NA,NA,NA,NA,NA,NA,NA,NA,NA,NA,NA,NA,NA,NA,NA
C25:ene,Alkene,25,2474,"NA",35.668,35.647,35.661,35.654,35.641,35.627,35.62,35.613,35.634,35.62,8.433279234921518,3.243222836709502,3.1495334895245017,4.930428820250561,3.2630227719817855,7.153922059481623,7.900476180864572,7.748102544105594,5.320722360499991,6.828730383358452,NA,NA,NA,NA,NA,NA,NA,NA,NA,NA,NA,NA,NA,NA,NA,NA,NA,NA,NA,NA,NA,NA,NA,NA,NA,NA,NA,NA,NA,NA,NA,NA,NA,NA,NA,NA,NA,NA,NA,NA,NA,NA,NA,NA,NA,NA,NA,NA,NA,NA,NA,NA,NA,NA,NA,NA,NA,NA,NA,NA
C25:ene,Alkene,25,2480,"NA",35.758,35.737,35.744,35.744,NA,35.73,35.73,35.723,35.737,35.723,0.797017461974159,0.5972843109414567,0.44438605262905034,0.7718404183770089,0.415815149674569,0.9265627329625479,1.2302201835277387,0,0.7651854442045855,1.1908430331722886,NA,NA,NA,NA,NA,NA,NA,NA,NA,NA,NA,NA,NA,NA,NA,NA,NA,NA,NA,NA,NA,NA,NA,NA,NA,NA,NA,NA,NA,NA,NA,NA,NA,NA,NA,NA,NA,NA,NA,NA,NA,NA,NA,NA,NA,NA,NA,NA,NA,NA,NA,NA,NA,NA,NA,NA,NA,NA,NA,NA
C25,Alkane,25,2500,"NA",NA,NA,NA,NA,NA,NA,NA,NA,NA,NA,NA,NA,NA,NA,NA,NA,NA,NA,NA,NA,36.109,36.116,36.116,36.171,36.041,36.096,36.047,36.089,36.047,36.116,28.135976192837724,30.399911385033214,17.573225979201776,12.315975037855454,20.721809027869558,10.827092923441818,25.396118255376855,21.02396141079444,12.607837780266598,21.765001161532517,36.234,36.185,36.234,36.227,36.165,36.165,36.137,36.151,36.158,36.137,22.03122753344512,19.47735362450536,23.65300843182584,24.168960248731153,19.681645054003944,21.05048040436228,15.260760394815545,20.718048176242977,16.994383029687356,20.75805222351469,36.137,36.082,36.088,36.137,36.075,36.171,36.13,36.164,36.075,36.151,19.936634878183504,11.465391719541424,8.706939921744853,9.803309824965337,16.4478489596641,13.265200838324287,16.28152212698891,20.132580604225016,9.962860735714022,18.317216747118202
C26:ene,Alkene,26,2571,"NA",NA,NA,NA,NA,NA,NA,NA,NA,NA,NA,NA,NA,NA,NA,NA,NA,NA,NA,NA,NA,NA,NA,NA,NA,NA,NA,NA,NA,NA,NA,NA,NA,NA,NA,NA,NA,NA,NA,NA,NA,NA,37.136,37.144,37.137,NA,37.13,37.116,37.13,37.123,37.13,0.07312528668375211,0,0.06491414808862761,0.07304574347289121,0,0.10157178651086533,0.09035185238093205,0.12240886077051996,0.48585206531042807,0.10279973127616099,NA,NA,NA,NA,NA,NA,NA,NA,NA,NA,NA,NA,NA,NA,NA,NA,NA,NA,NA,NA
C26:ene,Alkene,26,2573,"NA",37.137,37.13,NA,37.123,NA,37.123,NA,NA,37.123,37.116,0.2232005759122359,0.1184510922811285,0,0.18697477444500676,0,0,0.22518358418786205,0,0.12741794090119046,0.10076092062084985,NA,NA,NA,NA,NA,NA,NA,NA,NA,NA,NA,NA,NA,NA,NA,NA,NA,NA,NA,NA,NA,NA,NA,NA,NA,NA,NA,NA,NA,NA,NA,NA,NA,NA,NA,NA,NA,NA,NA,NA,NA,NA,NA,NA,NA,NA,NA,NA,NA,NA,NA,NA,NA,NA,NA,NA,NA,NA,NA,NA
C26,Alkane,26,2600,"NA",37.523,37.523,37.516,37.509,37.516,37.516,37.509,37.509,37.516,37.502,2.0592732197078494,1.5674806886770938,1.084315827182979,1.3667679428201338,1.206814824685643,1.2023376191396866,0.9620325925043477,1.2192425596328387,1.06161245894037,0.9543750717505881,37.537,37.53,37.53,37.509,37.516,37.516,37.509,37.502,37.516,37.509,1.4092019586117248,0.7690852186165171,1.0244190893461214,0.7844664678920855,1.2437059600185547,1.0371133979944795,0.5110728895649359,0.9441540539966842,0.9710899605617178,0.5163190824692792,37.537,37.536,37.53,37.53,37.516,37.516,37.516,37.516,37.509,37.516,0.9193451808036425,1.138052007658435,0.7866030173688545,0.9582452771787578,1.1264482686262856,0.891115297291214,1.1671284939569022,0.9894463290637003,1.3155917097423842,1.0227962059614308,37.544,37.537,37.53,37.544,37.523,37.523,37.53,37.53,37.516,37.516,1.0400150945563416,0.9963390275309177,1.3377107183781842,0.8681665108450441,1.0530171668055177,0.9748147363666982,1.096800789025461,1.093246267611345,0.9736846877325561,1.1834202596232832
2-MeC26,Methyl,26,2659,2-,38.426,NA,38.419,38.433,38.419,38.426,38.412,38.42,38.426,38.42,0.045672256787372106,0.04361869796115334,0.07031261328546409,0,0.056353549319056694,0.11947895174410357,1.0431643789123783,0.20049783739451688,0.08752933756206156,0.10712728667323776,NA,NA,NA,NA,NA,NA,NA,NA,NA,NA,NA,NA,NA,NA,NA,NA,NA,NA,NA,NA,NA,NA,NA,NA,NA,NA,NA,NA,NA,NA,NA,NA,NA,NA,NA,NA,NA,NA,NA,NA,NA,NA,NA,NA,NA,NA,NA,NA,NA,NA,NA,NA,NA,NA,NA,NA,NA,NA,NA,NA
C27:ene,Alkene,27,2665,"NA",NA,NA,NA,NA,NA,NA,NA,NA,NA,NA,NA,NA,NA,NA,NA,NA,NA,NA,NA,NA,NA,NA,NA,NA,NA,NA,NA,NA,NA,NA,NA,NA,NA,NA,NA,NA,NA,NA,NA,NA,NA,NA,NA,NA,NA,NA,NA,NA,NA,NA,NA,NA,NA,NA,NA,NA,NA,NA,NA,NA,38.468,38.481,NA,38.461,38.454,38.605,38.633,38.619,NA,38.612,2.8190491161784363,0.27292955782655504,0.26273731385750476,0.372336484835059,1.5987583686170592,0,0.33651399234396523,2.9192959598787507,0,1.5501649802881945
C27:ene,Alkene,27,2669,"NA",NA,NA,NA,NA,NA,NA,NA,NA,NA,NA,NA,NA,NA,NA,NA,NA,NA,NA,NA,NA,NA,NA,NA,NA,NA,NA,NA,NA,NA,NA,NA,NA,NA,NA,NA,NA,NA,NA,NA,NA,38.633,38.612,38.626,38.626,38.619,38.619,38.605,38.612,38.599,38.613,2.2576767103148447,2.629989551457641,1.8670922286873695,2.4075526217371737,2.553752886431029,3.6341246161121465,1.5495177593036147,3.714025753032239,2.3451678709199673,3.1437145985900963,NA,NA,NA,NA,NA,NA,NA,NA,NA,NA,NA,NA,NA,NA,NA,NA,NA,NA,NA,NA
C27:ene,Alkene,27,2671,"NA",38.613,38.626,38.606,38.612,38.606,38.606,38.592,38.592,38.612,38.592,7.367548252803445,3.8912246963109443,2.2103177895150408,4.74786621008125,3.0714901440124063,2.502192278052232,4.199044506630662,3.3591263225597046,3.7720570888670757,2.526746689711057,NA,NA,NA,NA,NA,NA,NA,NA,NA,NA,NA,NA,NA,NA,NA,NA,NA,NA,NA,NA,NA,NA,NA,NA,NA,NA,NA,NA,NA,NA,NA,NA,NA,NA,NA,NA,NA,NA,NA,NA,NA,NA,NA,NA,NA,NA,NA,NA,NA,NA,NA,NA,NA,NA,NA,NA,NA,NA,NA,NA
C27:ene,Alkene,27,2673,"NA",NA,NA,NA,NA,NA,NA,NA,NA,NA,NA,NA,NA,NA,NA,NA,NA,NA,NA,NA,NA,NA,38.626,38.626,38.599,NA,38.606,NA,38.592,NA,38.599,3.988184452098123,1.6079079018174107,2.6650202179876357,0,2.491090499318851,0,1.9200769424564261,2.8973351469112845,0,0,NA,NA,NA,NA,NA,NA,NA,NA,NA,NA,NA,NA,NA,NA,NA,NA,NA,NA,NA,NA,NA,NA,NA,NA,NA,NA,NA,NA,NA,NA,NA,NA,NA,NA,NA,NA,NA,NA,NA,NA
C27:ene,Alkene,27,2675,"NA",NA,NA,NA,NA,NA,NA,NA,NA,NA,NA,NA,NA,NA,NA,NA,NA,NA,NA,NA,NA,NA,NA,NA,NA,NA,NA,NA,NA,NA,NA,NA,NA,NA,NA,NA,NA,NA,NA,NA,NA,38.743,38.722,38.737,38.744,38.695,38.73,38.716,38.709,38.709,38.723,1.9848045405080406,1.2299827223084372,1.295527596351783,1.692548706716582,1.7217065268409555,2.268090264399452,0.8460722892133825,2.7330122499867606,1.7172134146113163,1.7638343581903109,NA,NA,NA,NA,NA,NA,NA,NA,NA,NA,NA,NA,NA,NA,NA,NA,NA,NA,NA,NA
C27:ene,Alkene,27,2676,"NA",NA,NA,NA,NA,NA,NA,NA,NA,NA,NA,NA,NA,NA,NA,NA,NA,NA,NA,NA,NA,NA,NA,NA,NA,NA,NA,NA,NA,NA,NA,NA,NA,NA,NA,NA,NA,NA,NA,NA,NA,NA,NA,NA,NA,NA,NA,NA,NA,NA,NA,NA,NA,NA,NA,NA,NA,NA,NA,NA,NA,38.723,38.73,38.716,38.709,38.723,38.695,38.688,38.702,38.695,38.702,1.2310317765316752,5.688160476916253,9.717493216070206,12.162414381755598,3.1028946095443635,10.093414296822123,6.090861747128283,1.4824520761524895,8.25882821287071,0.808165671434156
C27:ene,Alkene,27,2677,"NA",38.716,38.716,38.716,38.709,38.695,38.716,38.702,38.695,38.716,38.702,1.2873784110361643,1.2749479685207672,0.7599613779010318,1.1223474555397048,0.5700717161743789,0.7114920224322926,0.9573770713122822,0.7951976816590304,0.7258811879095426,0.7569239097816438,NA,NA,NA,NA,NA,NA,NA,NA,NA,NA,NA,NA,NA,NA,NA,NA,NA,NA,NA,NA,NA,NA,NA,NA,NA,NA,NA,NA,NA,NA,NA,NA,NA,NA,NA,NA,NA,NA,NA,NA,NA,NA,NA,NA,NA,NA,NA,NA,NA,NA,NA,NA,NA,NA,NA,NA,NA,NA,NA,NA
C27,Alkane,27,2700,"NA",39.061,39.109,39.074,39.04,39.04,39.095,39.054,39.054,39.054,39.019,37.45813542525694,33.795833750261984,29.635733253239415,28.71192815659044,33.88377562308275,20.998980435690857,15.181144099150611,19.661511147430787,21.73623224507534,14.309663070846096,39.054,39.04,39.081,39.033,38.999,39.033,39.006,38.978,38.95,39.033,25.094509240217057,11.69581361462356,25.95609384022178,17.100991206233825,18.87931930128113,20.580555722117364,10.528125581283037,22.68590134744479,22.76513597805537,7.640062742543449,39.171,39.171,39.143,39.13,39.116,39.081,39.13,39.081,39.047,39.061,17.95774583183197,24.523231505574586,13.997261947525583,19.262925348359378,20.306735244760763,17.08296983909883,25.70253642314002,18.905735397108305,29.66523208804303,20.253603542176172,39.13,39.033,39.06,39.102,39.054,39.136,39.074,39.109,38.999,39.081,21.25378781264882,21.8232228027462,18.9547420153671,12.523112981590062,20.523427366723073,10.958394636113496,21.988383259451385,20.490048270177965,16.361596406496382,24.652330850145187
11;13-MeC27,Methyl,27,2725,11;13-,NA,NA,NA,NA,NA,NA,NA,NA,NA,NA,NA,NA,NA,NA,NA,NA,NA,NA,NA,NA,NA,NA,NA,NA,NA,NA,NA,NA,NA,NA,NA,NA,NA,NA,NA,NA,NA,NA,NA,NA,39.447,39.446,39.433,39.433,39.426,39.419,39.426,39.419,39.405,39.412,0.19222734925942503,0.3520086257137634,0.19250886218249624,0.19294654389042706,0.2325247071260836,0.18820188938724347,0.42580699056161503,0.29682683108332736,0.3142798926192313,0.16313163853064164,NA,NA,NA,NA,NA,NA,NA,NA,NA,NA,NA,NA,NA,NA,NA,NA,NA,NA,NA,NA
11;13-MeC27,Methyl,27,2727,11;13-,NA,NA,NA,NA,NA,NA,NA,NA,NA,NA,NA,NA,NA,NA,NA,NA,NA,NA,NA,NA,NA,NA,NA,NA,NA,NA,NA,NA,NA,NA,NA,NA,NA,NA,NA,NA,NA,NA,NA,NA,NA,NA,NA,NA,NA,NA,NA,NA,NA,NA,NA,NA,NA,NA,NA,NA,NA,NA,NA,NA,39.44,39.419,39.419,39.433,39.426,39.433,39.419,39.426,39.412,39.419,0.38463042649081947,0.3775544082340577,0.3017204215081767,0.24791814789220648,0.46784012351429627,0.34094796378306663,0.4106144676407175,0.6761468861806854,0.2433136779226906,0.4046307213302595
11;13-MeC27,Methyl,27,2728,11;13-,39.419,39.426,39.419,39.412,39.412,39.426,39.412,39.412,39.412,39.406,0.5401750382871268,0.49401251299153043,1.020149860903063,0.9620717944982881,1.1571174914140376,0.7524971056269062,0.6699694949904327,0.9859243157683976,1.0136469849644878,0.7919967159897265,NA,NA,NA,NA,NA,NA,NA,NA,NA,NA,NA,NA,NA,NA,NA,NA,NA,NA,NA,NA,NA,NA,NA,NA,NA,NA,NA,NA,NA,NA,NA,NA,NA,NA,NA,NA,NA,NA,NA,NA,NA,NA,NA,NA,NA,NA,NA,NA,NA,NA,NA,NA,NA,NA,NA,NA,NA,NA,NA,NA
11;13-MeC27,Methyl,27,2730,11;13-,NA,NA,NA,NA,NA,NA,NA,NA,NA,NA,NA,NA,NA,NA,NA,NA,NA,NA,NA,NA,39.419,39.412,39.419,39.412,39.405,39.412,39.405,39.405,39.398,39.412,0.4291348113145679,0.3147944583270573,0.7389065892200501,0.35821126775071005,0.9239241202877773,0.8701092571782886,0.486633996576086,0.42338617853709404,0.8645889721112092,0.4888548739444578,NA,NA,NA,NA,NA,NA,NA,NA,NA,NA,NA,NA,NA,NA,NA,NA,NA,NA,NA,NA,NA,NA,NA,NA,NA,NA,NA,NA,NA,NA,NA,NA,NA,NA,NA,NA,NA,NA,NA,NA
C28,Alkane,28,2800,"NA",40.336,40.343,40.343,40.336,40.336,40.343,40.336,40.336,40.336,40.33,0.6533604554038811,0.8519943103784625,0.6514639602457144,0.6272833966830897,0.6455620776371318,0.6468628708613307,0.45352175587765764,0.5384167601254063,0.6460770934923356,0.4497131139992656,40.343,40.336,40.336,40.336,40.329,40.329,40.329,40.329,40.322,40.336,0.8621099491709485,0.34994388322696085,0.5796236439809737,0.396345801907695,0.5024524311141754,0.7649218120672314,0.2944324194143578,0.579673628732444,0.6863120117211216,0.3763063800669991,40.357,40.364,40.35,40.343,40.343,40.343,40.35,40.336,40.329,40.336,0.49102239058549985,0.6912690131957727,0.2765163984589614,0.4377224784427095,0.6888977751661843,0.3211765788128487,0.8471348943763789,0.47916426471696083,0.8637953712911541,0.4523387757822228,40.35,40.336,40.336,40.343,40.336,40.35,40.343,40.35,40.329,40.336,0.8376967178927707,0.9162273628107249,0.7807354766895122,0.32986977154914254,0.8162275500793598,0.3651154877153819,0.6150084408685752,0.5777770773942144,0.6548164599687373,1.0206594443635835
C29:ene,Alkene,29,2873,"NA",NA,NA,NA,NA,NA,NA,NA,NA,NA,NA,NA,NA,NA,NA,NA,NA,NA,NA,NA,NA,NA,NA,NA,NA,NA,NA,NA,NA,NA,NA,NA,NA,NA,NA,NA,NA,NA,NA,NA,NA,NA,NA,NA,NA,NA,NA,NA,NA,NA,NA,NA,NA,NA,NA,NA,NA,NA,NA,NA,NA,41.391,41.364,41.363,41.384,41.371,NA,41.371,41.384,41.364,41.384,1.7095244630301254,1.6019064369109504,0.9347345734650977,0.6232976103806692,1.3352030679893803,1.5183962514175118,1.3938242563671692,2.229774772448486,0.6764348050793441,0
C29:ene,Alkene,29,2874,"NA",NA,NA,NA,NA,NA,NA,NA,NA,NA,NA,NA,NA,NA,NA,NA,NA,NA,NA,NA,NA,NA,NA,NA,NA,NA,NA,NA,NA,NA,NA,NA,NA,NA,NA,NA,NA,NA,NA,NA,NA,41.412,41.398,41.398,41.391,41.391,41.391,41.398,41.377,41.364,41.378,1.8762317165162072,1.9315230759003705,1.7104028673218925,1.9366065572258007,2.077084486303267,2.962392019298216,1.2331819158897372,2.3498957348955614,2.4811775518538712,2.0374858655015418,NA,NA,NA,NA,NA,NA,NA,NA,NA,NA,NA,NA,NA,NA,NA,NA,NA,NA,NA,NA
C29:ene,Alkene,29,2875,"NA",41.378,41.391,41.371,41.371,41.364,41.391,41.377,41.371,41.377,41.364,3.749237111912989,4.90829728263952,3.306953865483552,4.058679009397103,2.3747069567228687,0.6069860582242906,1.9186513962918954,1.0547200779419075,2.4647866544924146,1.520969083727279,41.371,41.364,41.377,41.364,41.357,41.371,41.364,41.357,41.357,41.371,2.334065285262183,0.5212439097266007,3.569003957419889,1.1482759460201377,0.8864195514775906,0.882950123902557,0.7097395844455242,2.6017565276578063,1.4224627714022502,0.3251679944873235,NA,NA,NA,NA,NA,NA,NA,NA,NA,NA,NA,NA,NA,NA,NA,NA,NA,NA,NA,NA,NA,NA,NA,NA,NA,NA,NA,NA,NA,NA,NA,NA,NA,NA,NA,NA,NA,NA,NA,NA
C29:ene,Alkene,29,2878,"NA",NA,NA,NA,NA,NA,NA,NA,NA,NA,NA,NA,NA,NA,NA,NA,NA,NA,NA,NA,NA,NA,NA,NA,NA,NA,NA,NA,NA,NA,NA,NA,NA,NA,NA,NA,NA,NA,NA,NA,NA,NA,NA,NA,NA,NA,NA,NA,NA,NA,NA,NA,NA,NA,NA,NA,NA,NA,NA,NA,NA,41.467,41.433,41.432,41.446,41.426,41.467,41.44,41.453,41.433,41.446,2.1134473303361974,2.6269102852514563,1.066353625754,0.7102798473389608,2.746710024415698,0.7129558145703261,2.479522018933676,2.7645748854583982,1.7343734078458524,4.527288991904057
C29,Alkane,29,2900,"NA",41.743,41.75,41.757,41.722,41.729,41.736,41.729,41.722,41.702,41.716,6.887098883113079,8.365221637194647,11.10372206720863,7.955979254964879,9.77912183966159,10.419523134128106,7.368300329040611,8.937733276321765,10.83394711898403,6.475139881578544,41.702,41.722,41.729,41.715,41.702,41.708,41.695,41.688,41.674,41.716,9.218970488023716,5.041052068211636,7.314248215882927,3.08477461540848,7.350849524802429,11.140372912049347,4.893139843196874,7.45276066030103,9.323879097608344,3.884472693328883,41.812,41.832,41.77,41.778,41.778,41.722,41.777,41.736,41.702,41.729,6.868257207186616,10.11009319287183,3.1228010068707177,5.554514903304598,7.989284242354455,3.6163354359304942,13.114921267049812,6.6481586315900065,11.930147274096885,6.497648901480827,41.812,41.708,41.743,41.764,41.736,41.833,41.757,41.791,41.688,41.75,11.28194839101311,13.19685401453134,9.495545102666577,4.1560040761511585,10.434642614522437,4.608838274792153,9.151334712899233,8.069191718075711,8.18274267150572,16.646336469652375
11;13-MeC29,Methyl,29,2927,11;13-,NA,NA,NA,NA,NA,NA,NA,NA,NA,NA,NA,NA,NA,NA,NA,NA,NA,NA,NA,NA,NA,NA,NA,NA,NA,NA,NA,NA,NA,NA,NA,NA,NA,NA,NA,NA,NA,NA,NA,NA,42.108,42.115,42.101,42.102,42.095,42.088,42.101,42.088,42.088,42.088,0.15326548764041367,0.3070762887432112,0.18401903380629456,0.14002429255561458,0.21231474632013259,0.11372522949569071,0.3888400928520564,0.21063890275613484,0.25574253869408486,0.09497767719859374,NA,NA,NA,NA,NA,NA,NA,NA,NA,NA,NA,NA,NA,NA,NA,NA,NA,NA,NA,NA
11;13-MeC29,Methyl,29,2928,11;13-,NA,NA,NA,NA,NA,NA,NA,NA,NA,NA,NA,NA,NA,NA,NA,NA,NA,NA,NA,NA,NA,NA,NA,NA,NA,NA,NA,NA,NA,NA,NA,NA,NA,NA,NA,NA,NA,NA,NA,NA,NA,NA,NA,NA,NA,NA,NA,NA,NA,NA,NA,NA,NA,NA,NA,NA,NA,NA,NA,NA,42.102,42.088,42.087,42.095,42.088,42.115,42.102,42.101,42.081,42.095,0.22525629100015138,0.24719706378427017,0.07580099397451576,0.105912584663749,0.29415864793410995,0.1487100418924049,0.3064813833467929,0.47316488817710717,0.14889936309868904,0.3034722214914365
11;13-MeC29,Methyl,29,2929,11;13-,42.088,42.095,42.088,42.088,42.088,42.088,42.088,42.088,42.095,42.088,0.1563956727108179,0.2587385038359891,0.5906113625219547,0.5940408787694008,0.6936047992705429,0.5165854084751582,0.4337345377875019,0.6023239630686519,0.7157147467566604,0.4013525916411776,42.095,42.088,42.088,42.081,42.081,42.081,42.074,42.074,42.074,42.088,0.23437006980068972,0.19041310760817176,0.3617525432360292,0.07179950400696583,0.4605963323182635,0.4485136399905626,0.35594984958639325,0.2279506986058871,0.4423478854946241,0.22921145858317654,NA,NA,NA,NA,NA,NA,NA,NA,NA,NA,NA,NA,NA,NA,NA,NA,NA,NA,NA,NA,NA,NA,NA,NA,NA,NA,NA,NA,NA,NA,NA,NA,NA,NA,NA,NA,NA,NA,NA,NA
C30:ene,Alkene,30,2978,"NA",NA,NA,NA,NA,NA,NA,NA,NA,NA,NA,NA,NA,NA,NA,NA,NA,NA,NA,NA,NA,NA,NA,NA,NA,NA,NA,NA,NA,NA,NA,NA,NA,NA,NA,NA,NA,NA,NA,NA,NA,42.743,42.701,42.736,42.729,42.736,42.681,42.646,42.688,NA,42.736,0.11131424298457228,0.1878067210020376,0,0.10242644141305231,0.1037324052248388,0.09638267129010024,0.08222162285251165,0.15222559708419575,0.3460843515082459,0.05818962326369974,NA,NA,NA,NA,NA,NA,NA,NA,NA,NA,NA,NA,NA,NA,NA,NA,NA,NA,NA,NA
C30,Alkane,30,3000,"NA",42.977,42.977,42.977,42.977,42.977,42.977,42.977,42.97,42.977,42.97,0.11244186507838269,0.17113127399757325,0.338533927476434,0.20295232560588802,0.2543685780673991,0.3212835611271792,0.25563895561963723,0.3450563248440769,0.2874931721788844,0.28085576239955606,NA,NA,NA,NA,NA,NA,NA,NA,NA,NA,NA,NA,NA,NA,NA,NA,NA,NA,NA,NA,42.984,42.998,42.977,42.984,42.977,42.984,42.984,42.977,42.977,42.977,0.15198058812329265,0.24503827949059692,0.06735502823283113,0.10282227946826888,0.24791596672985675,0.07334323316393929,0.364311715049539,0.12223367189719268,0.21295729713510142,0.15721448297270868,42.998,42.977,42.977,42.984,42.984,42.991,42.977,42.984,NA,42.977,0.30982590620105105,0.7042529943811822,0.9326691061589204,0.8816291466321642,0.45467080026610823,0,0.5864713707012401,0.17171160313524114,0.6471275720803279,0.31474132249791636
C31:diene,Alkadiene,31,3052,"NA",NA,NA,NA,NA,NA,NA,NA,NA,NA,NA,NA,NA,NA,NA,NA,NA,NA,NA,NA,NA,NA,NA,NA,NA,NA,NA,NA,NA,NA,NA,NA,NA,NA,NA,NA,NA,NA,NA,NA,NA,43.646,43.653,43.653,43.646,43.653,43.646,43.646,NA,NA,NA,0.11069478305180594,0.14354745143783612,0,0.1089415279230721,0.13232155043203842,0.11770925116062476,0.11278335506150548,0,0.17795943706399592,0,NA,NA,NA,NA,NA,NA,NA,NA,NA,NA,NA,NA,NA,NA,NA,NA,NA,NA,NA,NA
C31:diene,Alkadiene,31,3053,"NA",NA,NA,NA,NA,NA,NA,NA,NA,NA,NA,NA,NA,NA,NA,NA,NA,NA,NA,NA,NA,NA,NA,NA,NA,NA,NA,NA,NA,NA,NA,NA,NA,NA,NA,NA,NA,NA,NA,NA,NA,NA,NA,NA,NA,NA,NA,NA,NA,NA,NA,NA,NA,NA,NA,NA,NA,NA,NA,NA,NA,43.674,43.66,NA,43.66,43.66,43.653,NA,43.646,43.66,NA,0.1321709827004712,0.19279644879912375,0.14833434440781737,0.20943669633528678,0,0.22196096502330553,0.18238988149445404,0,0,0.1891833951218438
C31:diene,Alkadiene,31,3058,"NA",NA,NA,NA,NA,NA,NA,NA,NA,NA,NA,NA,NA,NA,NA,NA,NA,NA,NA,NA,NA,NA,NA,NA,NA,NA,NA,NA,NA,NA,NA,NA,NA,NA,NA,NA,NA,NA,NA,NA,NA,43.736,43.749,43.736,43.743,43.736,43.729,43.736,43.729,43.722,43.729,0.6319974953126871,0.8224784315137006,0.2906932356373324,0.6346222195909321,0.5073490924616582,0.4367691757035339,0.6490239674996087,0.891636592741029,1.0761706828390625,0.5307725267154758,NA,NA,NA,NA,NA,NA,NA,NA,NA,NA,NA,NA,NA,NA,NA,NA,NA,NA,NA,NA
C31:diene,Alkadiene,31,3059,"NA",43.736,43.736,43.736,43.729,43.729,43.729,43.736,43.729,43.729,43.729,0.11606846156616103,0.43219866056997175,1.1275457814989103,0.5540090333925539,0.8136849406285942,0.7651319765195705,0.9568615945088352,1.136536834130572,1.015487528953766,0.9414500716583787,NA,NA,NA,NA,NA,NA,NA,NA,NA,NA,NA,NA,NA,NA,NA,NA,NA,NA,NA,NA,NA,NA,NA,NA,NA,NA,NA,NA,NA,NA,NA,NA,NA,NA,NA,NA,NA,NA,NA,NA,43.75,43.743,43.735,43.736,43.736,43.743,43.736,43.743,43.722,43.736,1.4619086154231469,0.7336298831293723,0.3759289378508378,0.35473631098048386,1.0335513118647837,0.6678024871707403,0.7408941727666113,1.3085025711718177,0.8565193529223423,1.1200782783185461
C31:ene,Alkene,31,3075,"NA",43.963,43.956,43.956,43.943,43.95,43.937,43.943,43.943,43.922,43.929,0.8025254713701966,2.354424324849236,5.18289473639223,3.7451291953631083,5.796578331425077,4.060127946191943,3.764636873505821,4.883878873616918,3.4322755928869504,3.5173353829387333,NA,NA,NA,NA,NA,NA,NA,NA,NA,NA,NA,NA,NA,NA,NA,NA,NA,NA,NA,NA,43.956,43.984,43.943,43.95,43.957,43.943,43.956,43.929,43.922,43.936,1.3610474040694889,2.2370943492764037,0.9659820410588293,1.397372935188549,1.1764669423492362,1.2553721012688737,3.082210828598319,1.7803356262145489,2.5683924498600703,1.052034086333172,NA,NA,NA,NA,NA,NA,NA,NA,NA,NA,NA,NA,NA,NA,NA,NA,NA,NA,NA,NA
C31:ene,Alkene,31,3082,"NA",44.046,44.046,44.046,44.032,44.039,44.025,44.032,44.032,44.011,44.025,0.6128174065147781,1.8219734624466344,3.8904363235877946,2.5860133237027902,3.1950909854200322,3.448270219686964,2.627170676590926,3.579309097828797,2.757612557321245,2.7615018625816017,NA,NA,NA,NA,NA,NA,NA,NA,NA,NA,NA,NA,NA,NA,NA,NA,NA,NA,NA,NA,44.046,44.08,44.039,44.046,44.046,44.025,44.046,44.025,44.018,44.025,1.5055004009398638,2.4220177101470153,0.7425559242399712,1.3873981068131718,1.375235654775089,1.3182246565296367,2.6970194500940234,1.6799458022921776,2.630740612802828,1.1381045930448928,NA,NA,NA,NA,NA,NA,NA,NA,NA,NA,NA,NA,NA,NA,NA,NA,NA,NA,NA,NA
C31:ene,Alkene,31,3083,"NA",NA,NA,NA,NA,NA,NA,NA,NA,NA,NA,NA,NA,NA,NA,NA,NA,NA,NA,NA,NA,44.025,44.046,44.053,44.025,44.025,44.025,44.018,44.018,44.011,44.019,1.3186186956533035,1.1766628650549287,1.8174567918931912,0.2347554702483334,2.861446746676873,2.222750440668071,1.534559665206769,1.2790546204718773,2.1967129294758987,1.1028503454834715,NA,NA,NA,NA,NA,NA,NA,NA,NA,NA,NA,NA,NA,NA,NA,NA,NA,NA,NA,NA,44.081,44.046,44.039,44.053,44.046,44.06,44.053,44.046,44.025,44.046,2.232890117072406,2.0616711247694806,0.9290210453026332,0.8884560826255536,2.3363034420215083,1.2049059290483277,2.25473673926305,2.7335535883864446,1.0936433222870976,2.6606648785523968
C31,Alkane,31,3100,"NA",44.274,44.274,44.28,44.267,44.26,44.253,44.274,44.253,44.239,44.253,1.2782053376657245,2.6896787228313404,6.701094369924834,3.5541647702260315,4.0293184329320875,5.306002471707845,4.132611825464424,4.3620856148874845,5.626663492864938,3.4675755658776555,44.232,44.26,44.26,44.26,44.246,44.246,44.239,44.239,44.232,44.246,3.3267572045531844,3.2441401944811403,3.535336323380899,0.999787230312073,4.317626815672907,6.6961547240922625,2.8534704026881785,3.485582757498904,4.209234559362252,2.723034887420977,44.294,44.349,44.267,44.274,44.274,44.246,44.273,44.253,44.239,44.246,2.1313000304544025,2.9188570486537024,0.9421228893920032,1.3558158972951473,2.6114796699101843,1.2149507117397902,6.929668683426129,1.6958581558680554,2.8815656032177697,2.46971524312524,44.308,44.239,44.253,44.28,44.253,44.301,44.267,44.287,44.239,44.26,4.384454332644414,4.807715377884234,2.5586774316361782,2.0654459159274072,3.569421355572163,2.1766852555299616,4.144673527195639,2.4840175066286196,2.7116739223209745,4.062266728151553
13;15-MeC31,Methyl,31,3128,13;15-,44.605,44.605,44.605,44.604,44.605,44.604,44.605,44.612,44.604,44.605,0.022656378703701466,0.09924920103695123,0.23273645204956195,0.17919287825382957,0.2282356676201688,0.20767526381938947,0.13783518772064518,0.21389832985523635,0.22059683397091467,0.1442774813402401,NA,NA,NA,NA,NA,NA,NA,NA,NA,NA,NA,NA,NA,NA,NA,NA,NA,NA,NA,NA,44.611,44.618,44.604,44.598,44.605,44.605,44.611,44.604,44.604,44.598,0.031923437919612704,0.07721216068440363,0.03896053704861048,0.04576661869030778,0.05151871924666837,0.026919169758891345,0.1503623864422975,0.04993558486465527,0.06518936590613883,0.03280216132375477,NA,NA,NA,NA,NA,NA,NA,NA,NA,NA,NA,NA,NA,NA,NA,NA,NA,NA,NA,NA
13;15-MeC31,Methyl,31,3129,13;15-,NA,NA,NA,NA,NA,NA,NA,NA,NA,NA,NA,NA,NA,NA,NA,NA,NA,NA,NA,NA,NA,NA,NA,NA,NA,NA,NA,NA,NA,NA,NA,NA,NA,NA,NA,NA,NA,NA,NA,NA,NA,NA,NA,NA,NA,NA,NA,NA,NA,NA,NA,NA,NA,NA,NA,NA,NA,NA,NA,NA,44.618,NA,NA,44.611,NA,44.618,44.611,44.604,NA,44.604,0.059016418383428935,0.06925464977731859,0,0,0.08141844670225068,0,0.08436824345169285,0.15437019572996988,0,0.09160152057907536
13;15-MeC31,Methyl,31,3130,13;15-,NA,NA,NA,NA,NA,NA,NA,NA,NA,NA,NA,NA,NA,NA,NA,NA,NA,NA,NA,NA,NA,44.612,44.611,44.611,44.598,44.605,44.598,NA,NA,44.612,0.05180959987163876,0.05624063505285015,0.09397756599164855,0,0.19482782259836537,0.26759369648857667,0,0.07294112392883366,0.10991254642127803,0,NA,NA,NA,NA,NA,NA,NA,NA,NA,NA,NA,NA,NA,NA,NA,NA,NA,NA,NA,NA,NA,NA,NA,NA,NA,NA,NA,NA,NA,NA,NA,NA,NA,NA,NA,NA,NA,NA,NA,NA
C32:ene,Alkene,32,3177,"NA",45.205,45.204,45.204,45.191,45.184,45.184,45.198,45.191,45.163,45.191,0,0.11155808585469985,0.22976042384771778,0.21100848770162325,0.19631342527138407,0.25674035140249024,0.22361563085637823,0.3040061129311576,0.1918373622732906,0.19180146824508756,NA,NA,NA,NA,NA,NA,NA,NA,NA,NA,NA,NA,NA,NA,NA,NA,NA,NA,NA,NA,45.198,45.211,45.184,45.184,45.191,45.177,45.156,45.191,45.191,45.191,0.04261580678778264,0.07465158551994266,0.013199055498681013,0.04607139749802715,0.0327291810674811,0.02921842277817023,0.1769277494215692,0.0763995813352358,0.1427177578987685,0.023311746543341064,NA,NA,NA,NA,NA,NA,NA,NA,NA,NA,NA,NA,NA,NA,NA,NA,NA,NA,NA,NA
C32:ene,Alkene,32,3178,"NA",NA,NA,NA,NA,NA,NA,NA,NA,NA,NA,NA,NA,NA,NA,NA,NA,NA,NA,NA,NA,NA,NA,NA,NA,NA,NA,NA,NA,NA,NA,NA,NA,NA,NA,NA,NA,NA,NA,NA,NA,NA,NA,NA,NA,NA,NA,NA,NA,NA,NA,NA,NA,NA,NA,NA,NA,NA,NA,NA,NA,45.232,NA,45.204,45.218,NA,45.197,45.204,45.17,NA,45.191,2.0141151431860913,0,0,0,0.0758701551333775,0,0.047661240418495655,0.06920854798161474,0.030970919765877437,0.07745935153496146
C33:diene,Alkadiene,33,3256,"NA",46.135,46.122,46.128,46.128,46.128,46.122,46.122,46.122,46.115,46.115,0.03582805363563833,0.6073542585620564,1.7633815713455612,1.0594704851364225,1.3858305125318073,1.8013622619871346,1.9805210041838353,2.703565491326793,1.6168620004052776,1.9975633947864808,NA,NA,NA,NA,NA,NA,NA,NA,NA,NA,NA,NA,NA,NA,NA,NA,NA,NA,NA,NA,NA,NA,NA,NA,NA,NA,NA,NA,NA,NA,NA,NA,NA,NA,NA,NA,NA,NA,NA,NA,46.135,46.128,46.128,46.128,46.122,46.121,46.128,46.121,46.122,46.121,0.33758677581407653,0.32642896469648786,0.15162529322538587,0.18824019683600987,0.37362521961831013,0.25301261362853317,0.41752117949713635,0.5205385605885342,0.2212447992812313,0.51841473002676
C33:ene,Alkene,33,3277,"NA",NA,NA,NA,NA,NA,NA,NA,NA,NA,NA,NA,NA,NA,NA,NA,NA,NA,NA,NA,NA,46.363,46.404,46.39,46.383,46.37,46.37,46.37,46.37,46.363,46.363,2.357513722940461,2.2126757754671464,3.324208554565576,0.18581025053222294,6.450024138023469,4.199842110439013,2.8295247075756373,2.4053306050732295,3.9565493281716475,2.0389348832724266,NA,NA,NA,NA,NA,NA,NA,NA,NA,NA,NA,NA,NA,NA,NA,NA,NA,NA,NA,NA,NA,NA,NA,NA,NA,NA,NA,NA,NA,NA,NA,NA,NA,NA,NA,NA,NA,NA,NA,NA
C33:ene,Alkene,33,3278,"NA",NA,NA,NA,NA,NA,NA,NA,NA,NA,NA,NA,NA,NA,NA,NA,NA,NA,NA,NA,NA,NA,NA,NA,NA,NA,NA,NA,NA,NA,NA,NA,NA,NA,NA,NA,NA,NA,NA,NA,NA,46.384,46.438,46.377,46.37,46.377,46.37,46.377,46.37,46.363,46.37,1.1562041799936678,1.6102264937448083,0.4636646429803934,1.1069982182262854,0.8454088857502687,1.0356605567241497,5.38592728467926,1.4501055231098121,2.0853162037677087,0.720828685964665,46.397,46.377,46.383,46.39,46.377,46.384,46.377,46.383,46.37,46.377,1.7750629136808276,1.2989028938710396,0.7299211893047871,0.7046099190361094,1.6688074686295655,1.0413271682759846,1.7263268177108135,1.9947517516991409,0.7075946052623617,2.0621089488980293
C33:ene,Alkene,33,3279,"NA",46.418,46.404,46.411,46.397,46.404,46.384,46.39,46.384,46.363,46.377,0.28509257390634535,3.1022948332697227,6.097033443243757,5.381360522465018,5.851382067979728,6.78454330465742,6.053275693458364,7.675686653206556,5.255546933021607,5.808522484313832,NA,NA,NA,NA,NA,NA,NA,NA,NA,NA,NA,NA,NA,NA,NA,NA,NA,NA,NA,NA,NA,NA,NA,NA,NA,NA,NA,NA,NA,NA,NA,NA,NA,NA,NA,NA,NA,NA,NA,NA,NA,NA,NA,NA,NA,NA,NA,NA,NA,NA,NA,NA,NA,NA,NA,NA,NA,NA,NA,NA
C33,Alkane,33,3300,"NA",46.646,46.639,46.646,46.646,46.646,46.639,46.639,46.639,46.632,46.632,0.016674958031649024,0.14607138232818812,0.851584717692124,0.31460275322216125,0.43904071074815,0.5461171429738969,0.40455376665218723,0.6926493078679636,0.49067084236993663,0.420753465500195,NA,NA,NA,NA,NA,NA,NA,NA,NA,NA,NA,NA,NA,NA,NA,NA,NA,NA,NA,NA,46.639,46.666,46.639,46.639,46.639,46.639,46.632,46.639,46.632,46.632,0.08118214778515521,0.08453230632725024,0.024164947871850244,0.05100245881043402,0.0817196811626604,0.04915379941368449,0.6564273384823129,0.056992111948637146,0.12245101401611579,0.09404021108778529,NA,NA,NA,NA,NA,NA,NA,NA,NA,NA,NA,NA,NA,NA,NA,NA,NA,NA,NA,NA
