Compound,Class,Chain.length,RI,Mod.position,Fly_001,Fly_002,Fly_004,Fly_005,Fly_006,Fly_016,Fly_017,Fly_018,Fly_019,Fly_020,Fly_003,Fly_007,Fly_008,Fly_009,Fly_010,Fly_011,Fly_012,Fly_013,Fly_014,Fly_015,Fly_021,Fly_023,Fly_024,Fly_025,Fly_026,Fly_031,Fly_032,Fly_034,Fly_035,Fly_036,Fly_022,Fly_027,Fly_028,Fly_029,Fly_030,Fly_033,Fly_037,Fly_038,Fly_039,Fly_040
C15,Alkane,15,1500,"NA",NA,NA,NA,NA,NA,NA,NA,NA,NA,NA,NA,NA,NA,NA,NA,NA,NA,NA,NA,NA,0.027405299426593213,0.02267647389614293,0.011854758835730336,0.015266346923355989,0.012381746916395375,0.015600104408503178,0.021805089996650987,0,0.016503799046550898,0.015142923949116111,0.020342583124836236,0,0,0,0.04526060410064186,0,0.026192923501746262,0.027960997429084745,0.030148776353547412,0.03674494978649832
C17:ene,Alkene,17,1677,"NA",0.02320025566163743,0,0.017985955173474125,0.02761266671836275,0.059939839648519906,0,0,0,0,0.02119603669582922,NA,NA,NA,NA,NA,NA,NA,NA,NA,NA,NA,NA,NA,NA,NA,NA,NA,NA,NA,NA,NA,NA,NA,NA,NA,NA,NA,NA,NA,NA
C17,Alkane,17,1700,"NA",0.01918370124970926,0,0.03374326586914996,0.016197099920188945,0.01899103392560847,0,0,0,0,0.023391540526000662,0.01562155838711387,0,0.08230503550553722,0.22884197658345315,0.10350367667748253,0.24392449909105912,0,0.06729928829742056,0.22380352340848256,0.2201959042200417,0.06000904700815602,0.08006218599660331,0.030034378508510387,0.043743385276847756,0.037028552812668515,0.05490514300422563,0.05599924199297498,0.03829309845810082,0.06872767911020487,0.037395636079917964,0.04041316684056492,0.19010485935176863,0.19136423561535518,0.23780040848377856,0.2059862058774605,0.2360928550423624,0.2151944030099101,0.12378507588353482,0.27392074778397085,0.14855595103243613
C19:ene,Alkene,19,1873,"NA",NA,NA,NA,NA,NA,NA,NA,NA,NA,NA,NA,NA,NA,NA,NA,NA,NA,NA,NA,NA,NA,NA,NA,NA,NA,NA,NA,NA,NA,NA,0.07575631687634944,0.05363881454409806,0.14196799165396995,0,0.6421489151829962,0.2824435378049893,0.12189793780754264,0.35581208129360115,0.4672817165095635,0.15905072361997794
C19:ene,Alkene,19,1873,"NA",NA,NA,NA,NA,NA,NA,NA,NA,NA,NA,0.041929616200681134,0.033052184300202625,0.14604130072895039,0,1.3947937971681659,0.0960307999747866,0.0311147324260646,0,0.13866250600579963,0.12885828570623772,NA,NA,NA,NA,NA,NA,NA,NA,NA,NA,NA,NA,NA,NA,NA,NA,NA,NA,NA,NA
C19:ene,Alkene,19,1873,"NA",0.1098305494971334,0.014521875386370092,0.0681939683848443,0.1311722388411369,0.336573337723504,0,0.06677755815028916,0.06918576339289367,0.19194164752929188,0.29694232468030407,NA,NA,NA,NA,NA,NA,NA,NA,NA,NA,NA,NA,NA,NA,NA,NA,NA,NA,NA,NA,NA,NA,NA,NA,NA,NA,NA,NA,NA,NA
C19,Alkane,19,1900,"NA",0.18524408413116628,0.09817616352487399,0.8319584254553998,0.328503062492167,0.5043098860230911,0.2911152464739167,0.11081769804011307,0.5776637504699778,0.12252940236896623,0.14434373563199646,0.11650850742055657,0.11801199919891478,8.957731368007142,30.787185623172835,11.736206220866126,21.52376677563793,0.1644874356929843,7.287665027682374,18.074955926930336,17.288821560551877,0.2505352322997399,0.6502914018286046,0.2198150168794025,0.2488523670438203,0.31992064333264547,0.25845294331996543,0.2537982300363899,0.29439900419325316,0.37681301445549403,0.21134548292087765,0.2908559216847883,12.486090533719775,20.562844008610934,26.168630138441035,5.297111210971431,20.53917107010798,9.724896065692008,0.5252215370801013,22.163433151841115,0.4604774829444938
C20,Alkane,20,2000,"NA",0.04757305688415743,0.03223319303494733,0.10908206370794397,0.05737830737515989,0.0940489479077495,0.0468155333143914,0.04376153489246657,0.08564293745603832,0.03225608358431882,0.03158534668344712,0.03662740397694267,0.16968336208826826,0.6923039153296261,1.909664727443578,0.7467494069080329,1.3543031575481126,0.2611296392827584,0.39461190032813176,0.9744511714859988,2.1724859889199717,0.03142155188881442,0.05847414503748385,0.03271979746362087,0.030178838916701176,0.036391816406513816,0.020781343230764655,0.09399124918712119,0.03406551701173824,0.03189088340253443,0.026774114092463892,0.04707933581477696,0.6755560980002671,1.229251251409313,1.6258389407562202,0.29649107514352646,1.20353956236624,0.8971143132066608,0.04170008856270179,1.1986456605090061,0.0531086816656654
C21:diene,Alkadiene,21,2066,"NA",NA,NA,NA,NA,NA,NA,NA,NA,NA,NA,NA,NA,NA,NA,NA,NA,NA,NA,NA,NA,NA,NA,NA,NA,NA,NA,NA,NA,NA,NA,0.10541963910775028,0.02638920557159554,0,0,0.05863770060511688,0,0.027723110843141382,0.04040464292718419,0.04065194579603845,0.047005382673259447
C21:diene,Alkadiene,21,2066,"NA",NA,NA,NA,NA,NA,NA,NA,NA,NA,NA,NA,NA,NA,NA,NA,NA,NA,NA,NA,NA,0.02331040818238933,0.03886902576668261,0.01084435605274213,0.013348007652759609,0.014673147175149566,0.014496520882848939,0.02148675128551875,0.011375790089583563,0.02399485490832272,0.01107146527239434,NA,NA,NA,NA,NA,NA,NA,NA,NA,NA
C21:ene,Alkene,21,2072,"NA",NA,NA,NA,NA,NA,NA,NA,NA,NA,NA,0.04919432270599175,0.01854972626023331,0.03943076234400221,0,0.038713081346105495,0,0.03734395030624645,0.02193799757552529,0,0,NA,NA,NA,NA,NA,NA,NA,NA,NA,NA,0.9816291811285001,0.1792379458830853,0.21593686033573598,0.1266919583326238,0.3773767293267513,0.2025875516592778,0.22891068597395905,0.28731419406362596,0.24320394859081795,0.3811076755126254
C21:ene,Alkene,21,2072,"NA",0.09118687061583157,0.026548805895821665,0.05327798918555776,0.07932035241590557,0.046876028166623236,0.04698320172030017,0.02773574835488911,0.027007882438117067,0.039504550895065695,0.03780276543583606,NA,NA,NA,NA,NA,NA,NA,NA,NA,NA,NA,NA,NA,NA,NA,NA,NA,NA,NA,NA,NA,NA,NA,NA,NA,NA,NA,NA,NA,NA
C21:ene,Alkene,21,2072,"NA",NA,NA,NA,NA,NA,NA,NA,NA,NA,NA,NA,NA,NA,NA,NA,NA,NA,NA,NA,NA,0.24969277895892425,0.2987402674266701,0.20312098038086723,0.22538084769985106,0.16091412826662616,0.10554070396828531,0.12119891257451369,0.14040444485387107,0.20563829944287007,0.19568686956775716,NA,NA,NA,NA,NA,NA,NA,NA,NA,NA
C21:ene,Alkene,21,2078,"NA",NA,NA,NA,NA,NA,NA,NA,NA,NA,NA,NA,NA,NA,NA,NA,NA,NA,NA,NA,NA,NA,NA,NA,NA,NA,NA,NA,NA,NA,NA,0.022848242134863306,0.040606307145965824,0,0,0.027742347880158794,0.10284768176433678,0.021279411200020873,0.037031721669825934,0.03961698009564172,0.04486520140032634
C21:ene,Alkene,21,2078,"NA",NA,NA,NA,NA,NA,NA,NA,NA,NA,NA,NA,NA,NA,NA,NA,NA,NA,NA,NA,NA,0.11672125859716097,0.017165145047870714,0.0865364301240112,0.05962081394990333,0.03756943074841955,0.024525619521163968,0.2614298239469354,0.04464292207568113,0.03417962028578957,0.04544151572376664,NA,NA,NA,NA,NA,NA,NA,NA,NA,NA
C21,Alkane,21,2100,"NA",2.9803803808725693,1.6537959012697514,4.3386591000522685,2.906701436294971,4.989249324769064,1.705760961381288,1.1893734714847495,2.5034085434818545,1.2031916618431107,1.344909137195851,2.062804129313041,12.106362927573757,7.456620572845781,13.705744720987875,7.733579113813441,9.256023123685198,18.648674984582726,3.658069404334536,9.694800572619073,16.142142865712845,1.0457938269515064,2.0023080728900555,2.9851059489178335,1.0391990004563256,1.298576593434792,0.7797420091388567,1.068638231072123,1.1622347860498847,1.6285732299125413,1.1291491420750321,1.536783746422899,6.065464839618002,10.538260624621302,14.042788288158018,4.430820901089421,10.579646973703696,6.905126953738424,1.67666479187586,9.58955769245674,2.1154914520124537
C22:ene,Alkene,22,2172,"NA",NA,NA,NA,NA,NA,NA,NA,NA,NA,NA,NA,NA,NA,NA,NA,NA,NA,NA,NA,NA,NA,NA,NA,NA,NA,NA,NA,NA,NA,NA,0,0.09583352024859045,0,0.2704357922824131,0.03693886374556063,0.13968424383916406,0.18367404666273887,0.04356972143233857,0.21185735904304775,0.04805087266817633
C22:ene,Alkene,22,2172,"NA",0.03992607591805261,0.029089187136741874,0.018758739106425237,0.04790007054381103,0.0175587964961737,0.04162485674020407,0.04914653310989787,0.026281288878791616,0.04271959087112685,0.049091852511487594,NA,NA,NA,NA,NA,NA,NA,NA,NA,NA,0.05655497800338673,0.06550910952911089,0.07312316852640106,0.07659560901172424,0.04827433637007503,0.027886080325979085,0,0.047247048319905526,0.0392172981137861,0.07434360383596711,NA,NA,NA,NA,NA,NA,NA,NA,NA,NA
C22:ene,Alkene,22,2179,"NA",NA,NA,NA,NA,NA,NA,NA,NA,NA,NA,NA,NA,NA,NA,NA,NA,NA,NA,NA,NA,0.014394435985451634,0.02367784555364247,0.02528340143946619,0.016296835563625642,0.018991576320325276,0,0,0.014108718022257116,0,0.011319830116928333,NA,NA,NA,NA,NA,NA,NA,NA,NA,NA
C22:ene,Alkene,22,2186,"NA",NA,NA,NA,NA,NA,NA,NA,NA,NA,NA,0,0,0.08233334917980432,0.4586774723628866,0.029801230886486684,0.26158592634730266,0,0.0523789760498852,0.11533481904190875,0.15903429623302592,NA,NA,NA,NA,NA,NA,NA,NA,NA,NA,0,0.15632748556797307,0.22302285440413105,0.21892918329684757,0.049967019065009076,0.12039055109197302,0.13903275563831533,0,0.1918076766254548,0
C22,Alkane,22,2200,"NA",0.4644449759522967,0.4083114065572594,0.4254367733458055,0.4168253007375902,0.5051894287950196,0.39803665244980524,0.5126137531005486,0.4373030421261575,0.478756451962652,0.6418894673322476,0.3412958118487201,0.6713851181404725,0.5179959427860324,0.7999100311344653,0.6104349767352572,0.6585563784544829,0.8897894262467032,0.4569829616321348,0.594182488232624,0.9613352813842118,0.3997572260719011,0.24621516119914202,0.565604839891072,0.4226866143845129,0.36382819603420313,0.25279575429481294,0.2936723450747662,0.2876842694646251,0.22304044779820148,0.3514273854823352,0.2895450046648973,0.3261000532875874,0.5014199379687574,0.5999675656246847,0.46815388470839664,0.4950690030440884,0.40447279355854077,0.39984609980757946,0.57672053127752,0.2774627855052625
C23:diene,Alkadiene,23,2263,"NA",NA,NA,NA,NA,NA,NA,NA,NA,NA,NA,NA,NA,NA,NA,NA,NA,NA,NA,NA,NA,0.32185577406281335,0.5142891759690115,0.3033600129749773,0.3432630491221302,0.28731048452250796,13.227298830827225,0.4255869116676189,0.3462827992710454,0.387677908774252,0.3282383899635208,NA,NA,NA,NA,NA,NA,NA,NA,NA,NA
C23:diene,Alkadiene,23,2266,"NA",0.4194016836026916,0.29597636429235724,0.16670442185197512,0.547438126498847,0,0.3413962660213409,0.33599901552985556,0.29564108924765004,0.4119547042307964,0.3115394105284888,NA,NA,NA,NA,NA,NA,NA,NA,NA,NA,NA,NA,NA,NA,NA,NA,NA,NA,NA,NA,0.4438021435856442,0.30049233651602375,0.26668166989836484,0.25068611190903967,0,0.4549034619440816,0.3286723393611596,0,0,0.4949771928465781
C23:diene,Alkadiene,23,2266,"NA",NA,NA,NA,NA,NA,NA,NA,NA,NA,NA,0.3301193223591717,0.2724043299885935,0.19904862942237508,0.19402877740469343,0,0,0.2036805434660754,0.2260112905082576,0,0.15578116798907535,NA,NA,NA,NA,NA,NA,NA,NA,NA,NA,NA,NA,NA,NA,NA,NA,NA,NA,NA,NA
C23:ene,Alkene,23,2270,"NA",NA,NA,NA,NA,NA,NA,NA,NA,NA,NA,NA,NA,NA,NA,NA,NA,NA,NA,NA,NA,3.9100335778766286,2.8167970914511495,4.360988797676493,3.9480945247665558,2.8316853235329122,2.463251114163691,1.6322068933854745,3.710617991651044,1.8523542847459065,4.973425408054389,NA,NA,NA,NA,NA,NA,NA,NA,NA,NA
C23:ene,Alkene,23,2270,"NA",3.088479105966651,2.4286544124069955,1.5241298359004618,2.971757159249692,1.4989065365091343,3.275896623341336,3.8904976644901232,2.7545276310464746,3.397655427334171,3.5670316058328897,NA,NA,NA,NA,NA,NA,NA,NA,NA,NA,NA,NA,NA,NA,NA,NA,NA,NA,NA,NA,NA,NA,NA,NA,NA,NA,NA,NA,NA,NA
C23:ene,Alkene,23,2270,"NA",NA,NA,NA,NA,NA,NA,NA,NA,NA,NA,2.640372367111901,3.113526043018065,1.651176967962893,1.7095719976494486,0.9978986262863079,0,2.8474476140732685,2.1917934180033605,0.968429118189192,2.0115150480984427,NA,NA,NA,NA,NA,NA,NA,NA,NA,NA,3.0289602456314455,1.5397836674830658,1.2071151520103705,1.034197449740916,2.9712770802062307,3.243037367574682,1.559865326266741,3.5398256894796263,1.9837250572457448,2.0935606518569627
C23:ene,Alkene,23,2275,"NA",NA,NA,NA,NA,NA,NA,NA,NA,NA,NA,NA,NA,NA,NA,NA,NA,NA,NA,NA,NA,1.8025923936272252,0.37842506068402265,1.7298001716478513,0.9626441248147244,0.8979145595545993,0.7735046422611553,0.31627227888017084,1.485330490756847,0.2800791187147261,0.9708843994724705,NA,NA,NA,NA,NA,NA,NA,NA,NA,NA
C23:ene,Alkene,23,2275,"NA",0.22270294486321005,0.19117444316732593,0.17866593374272938,0.16319716908073603,0.18192131765638225,0.2138763380524857,0.4180263647984258,0.23763632241256158,0.31867755391675556,0.3240020721213808,NA,NA,NA,NA,NA,NA,NA,NA,NA,NA,NA,NA,NA,NA,NA,NA,NA,NA,NA,NA,NA,NA,NA,NA,NA,NA,NA,NA,NA,NA
C23,Alkane,23,2300,"NA",18.00783752350045,22.109364768802067,10.983235168464747,16.030073819302125,11.66944220244349,20.432716572909115,26.534071949597404,18.905219528745082,20.950583008771208,33.9866159122211,14.832831251480217,24.73604913077091,11.160928097064168,13.041831964728848,8.687867090335427,6.277990957970565,23.75915807144699,18.90821191008932,9.278471459450815,18.759013898715295,23.549013159707428,14.450006310698468,32.0870943578105,23.148086815826176,23.689055553057155,18.60812275063465,9.996404209344963,20.87423608130876,10.413725482427209,21.73668944628,16.88169115963277,8.07808909695516,7.12511970599211,7.91780436674104,16.071485418202016,13.362523042830823,8.393239917592062,21.710407161882994,9.161946783668974,12.393952023794268
11-MeC23,Methyl,23,2330,11-,NA,NA,NA,NA,NA,NA,NA,NA,NA,NA,NA,NA,NA,NA,NA,NA,NA,NA,NA,NA,0.011988248678290075,0.02437368875619468,0,0,0.012833547144045998,0.026033875040554693,0.05500806606894607,0.016624512906336195,0.020991839405377122,0,NA,NA,NA,NA,NA,NA,NA,NA,NA,NA
C24:ene,Alkene,24,2371,"NA",NA,NA,NA,NA,NA,NA,NA,NA,NA,NA,NA,NA,NA,NA,NA,NA,NA,NA,NA,NA,0.15583599085278288,0.10957781997693154,0.15789613597096663,0.16652072321404315,0.1539533822056322,0.12299341478950805,0.38260510465957986,0.1806690787456845,0.20919918732525225,0.19352511148045543,NA,NA,NA,NA,NA,NA,NA,NA,NA,NA
C24:ene,Alkene,24,2371,"NA",0.2399087067428372,0.14626648524637254,0.11313528331497347,0.2557635779812049,0.09381284810950515,0.31922347216282404,0.3920492963403229,0.5380709714387786,0.2271134545817356,0.45225273051557713,NA,NA,NA,NA,NA,NA,NA,NA,NA,NA,NA,NA,NA,NA,NA,NA,NA,NA,NA,NA,NA,NA,NA,NA,NA,NA,NA,NA,NA,NA
C24,Alkane,24,2400,"NA",1.1237348994562173,0.8751041109124619,0.6798446070810599,0.863908403757125,0.6424492596761611,1.095822853262136,1.4036472115768934,1.1975038389514505,0.9433881042332993,1.5374309508006359,0.7714740388403393,1.181090161413387,0.46081074649520165,0.48334991036393754,0.6363605075172208,0.38984762086098673,0.8443294651051206,0.6552490655447492,0.3808445939834596,0.9105991993360081,0.7764488384361902,0.60546185655252,0.999028013969198,0.861679961153241,0.750327866854693,0.646358639485107,0.5503934915205925,0.7317342538137257,0.5449272288713072,0.7595781513132888,0.6948198103820511,0.37893974271465447,0.33632498011737,0.31105330589337843,0.6062053442778178,0.48558033675199597,0.4867966484537202,0.845548465510384,0.3611570500478901,0.7353834616491964
C25:ene,Alkene,25,2469,"NA",NA,NA,NA,NA,NA,NA,NA,NA,NA,NA,NA,NA,NA,NA,NA,NA,NA,NA,NA,NA,3.5653452849663174,2.871250980071523,3.648745184775544,3.628453768757241,3.370994758013529,3.0680249967412494,2.6538581422979437,4.024593925274848,2.177270920853397,4.715540923662074,NA,NA,NA,NA,NA,NA,NA,NA,NA,NA
C25:diene,Alkadiene,25,2469,"NA",0,0.701398506592335,0,1.283792860055789,0,1.744291865460021,2.3351419614133073,1.403700535199164,1.500007883843859,1.3312409082317893,NA,NA,NA,NA,NA,NA,NA,NA,NA,NA,NA,NA,NA,NA,NA,NA,NA,NA,NA,NA,NA,NA,NA,NA,NA,NA,NA,NA,NA,NA
C25:ene,Alkene,25,2473,"NA",NA,NA,NA,NA,NA,NA,NA,NA,NA,NA,NA,NA,NA,NA,NA,NA,NA,NA,NA,NA,0,1.307149828028947,1.6232399575273089,0.4510003385593705,1.157101018755582,0.46070934808806224,0.6226303208557834,0,0.7529574916043559,0.48810789880653005,NA,NA,NA,NA,NA,NA,NA,NA,NA,NA
C25:ene,Alkene,25,2475,"NA",8.434250754523347,3.2384092091944754,3.1471621520926814,4.921322394333927,3.257751112697603,7.155889544731572,7.983759920452617,7.763668531613958,5.325383633517046,6.836053662162253,NA,NA,NA,NA,NA,NA,NA,NA,NA,NA,NA,NA,NA,NA,NA,NA,NA,NA,NA,NA,NA,NA,NA,NA,NA,NA,NA,NA,NA,NA
C25:ene,Alkene,25,2475,"NA",NA,NA,NA,NA,NA,NA,NA,NA,NA,NA,NA,NA,NA,NA,NA,NA,NA,NA,NA,NA,2.1285540067940345,0,0,1.299839037227402,0,1.3549812901007112,0.12770016400925963,2.7170056476288833,0,1.2795380103923746,NA,NA,NA,NA,NA,NA,NA,NA,NA,NA
C25:ene,Alkene,25,2480,"NA",0.7971092789371387,0.5963978149039663,0.44405146679775714,0.7704148410396897,0.4151433689523786,0.9268175580074813,1.2431886850528795,0,0.7658557927066222,1.1921201191097768,NA,NA,NA,NA,NA,NA,NA,NA,NA,NA,NA,NA,NA,NA,NA,NA,NA,NA,NA,NA,NA,NA,NA,NA,NA,NA,NA,NA,NA,NA
C25,Alkane,25,2500,"NA",NA,NA,NA,NA,NA,NA,NA,NA,NA,NA,28.135976192837724,30.399911385033214,17.573225979201776,12.315975037855454,20.721809027869558,10.827092923441818,25.396118255376855,21.02396141079444,12.607837780266598,21.765001161532517,21.1526372761149,19.32855210376378,23.582745788173902,23.42441284734252,19.27762545927725,20.468145458130767,15.052976900413952,19.86714088552486,16.964382030396287,20.116158163198065,19.936634878183504,11.465391719541424,8.706939921744853,9.803309824965337,16.4478489596641,13.265200838324287,16.28152212698891,20.132580604225016,9.962860735714022,18.317216747118202
C26:ene,Alkene,26,2572,"NA",NA,NA,NA,NA,NA,NA,NA,NA,NA,NA,NA,NA,NA,NA,NA,NA,NA,NA,NA,NA,0.07020910035925922,0,0.06472131681863223,0.0707955010989729,0,0.09876193135790713,0.08912166311593678,0.11738142810929222,0.484994367361554,0.09962089078583967,NA,NA,NA,NA,NA,NA,NA,NA,NA,NA
C26:ene,Alkene,26,2572,"NA",0.22322628877298653,0.11827528584854681,0,0.18662943492306305,0,0,0.22755738173571466,0,0.12752956668610654,0.10086897882095575,NA,NA,NA,NA,NA,NA,NA,NA,NA,NA,NA,NA,NA,NA,NA,NA,NA,NA,NA,NA,NA,NA,NA,NA,NA,NA,NA,NA,NA,NA
C26:ene,Alkene,26,2578,"NA",NA,NA,NA,NA,NA,NA,NA,NA,NA,NA,NA,NA,NA,NA,NA,NA,NA,NA,NA,NA,0.13621792223700632,0.7639719625687029,0.29705584325331097,0.1368488397806494,0.3961383796435484,0.15150495812846387,1.2338538413349405,0.20261418103382686,0.1765347952830261,0.16190523050433617,NA,NA,NA,NA,NA,NA,NA,NA,NA,NA
C26,Alkane,26,2600,"NA",2.0595104494073224,1.56515421635244,1.0834994273201208,1.3642435435294673,1.2048651243557922,1.2026682883182782,0.9721739650083753,1.2216920257240365,1.0625424953478633,0.9553985643094479,1.4092019586117248,0.7690852186165171,1.0244190893461214,0.7844664678920855,1.2437059600185547,1.0371133979944795,0.5110728895649359,0.9441540539966842,0.9710899605617178,0.5163190824692792,0.8826823249663371,1.1293576094004745,0.7842663671425535,0.9287256361319807,1.1033248370369941,0.8664637183834651,1.1512374091999182,0.948808953959032,1.31326923261083,0.9911686330826369,1.0400150945563416,0.9963390275309177,1.3377107183781842,0.8681665108450441,1.0530171668055177,0.9748147363666982,1.096800789025461,1.093246267611345,0.9736846877325561,1.1834202596232832
C27:ene,Alkene,27,2665,"NA",NA,NA,NA,NA,NA,NA,NA,NA,NA,NA,NA,NA,NA,NA,NA,NA,NA,NA,NA,NA,NA,NA,NA,NA,NA,NA,NA,NA,NA,NA,2.8190491161784363,0.27292955782655504,0.26273731385750476,0.372336484835059,1.5987583686170592,0,0.33651399234396523,2.9192959598787507,0,1.5501649802881945
C27:ene,Alkene,27,2669,"NA",NA,NA,NA,NA,NA,NA,NA,NA,NA,NA,NA,NA,NA,NA,NA,NA,NA,NA,NA,NA,2.167642110160462,2.609897168666018,1.861545922123125,2.333385713861403,2.5013301238328336,3.533591149784047,1.5284202381882965,3.5614876585029576,2.3410278336199957,3.0465026007380174,NA,NA,NA,NA,NA,NA,NA,NA,NA,NA
C27:ene,Alkene,27,2672,"NA",7.368396999458886,3.88544929720691,2.208653603587846,4.739096974487256,3.0665279201281623,2.502880435731149,4.243309196657304,3.365874828800856,3.7753616378993016,2.529456427749687,NA,NA,NA,NA,NA,NA,NA,NA,NA,NA,NA,NA,NA,NA,NA,NA,NA,NA,NA,NA,NA,NA,NA,NA,NA,NA,NA,NA,NA,NA
C27:ene,Alkene,27,2672,"NA",NA,NA,NA,NA,NA,NA,NA,NA,NA,NA,3.988184452098123,1.6079079018174107,2.6650202179876357,0,2.491090499318851,0,1.9200769424564261,2.8973351469112845,0,0,NA,NA,NA,NA,NA,NA,NA,NA,NA,NA,NA,NA,NA,NA,NA,NA,NA,NA,NA,NA
C27:ene,Alkene,27,2676,"NA",NA,NA,NA,NA,NA,NA,NA,NA,NA,NA,NA,NA,NA,NA,NA,NA,NA,NA,NA,NA,1.905651895502315,1.2205859991655617,1.291679155925861,1.6404081624672415,1.6863637914494811,2.20534641262999,0.8345525580714903,2.6207651874568882,1.7141819354252594,1.7092919191544271,NA,NA,NA,NA,NA,NA,NA,NA,NA,NA
C27:ene,Alkene,27,2676,"NA",NA,NA,NA,NA,NA,NA,NA,NA,NA,NA,NA,NA,NA,NA,NA,NA,NA,NA,NA,NA,NA,NA,NA,NA,NA,NA,NA,NA,NA,NA,1.2310317765316752,5.688160476916253,9.717493216070206,12.162414381755598,3.1028946095443635,10.093414296822123,6.090861747128283,1.4824520761524895,8.25882821287071,0.808165671434156
C27:ene,Alkene,27,2676,"NA",1.2875267179196972,1.2730556765228096,0.7593891900299872,1.1202744971157608,0.5691507223397587,0.7116876983213999,0.9674693671270406,0.7967952388814502,0.7265171035175265,0.7577356514251714,NA,NA,NA,NA,NA,NA,NA,NA,NA,NA,NA,NA,NA,NA,NA,NA,NA,NA,NA,NA,NA,NA,NA,NA,NA,NA,NA,NA,NA,NA
C27,Alkane,27,2700,"NA",37.46245062837069,33.74567359678989,29.613420004684794,28.6588976685307,33.82903382909946,21.00475561522562,15.341177801279171,19.70101124892974,21.75527449272363,14.325009064372454,25.094509240217057,11.69581361462356,25.95609384022178,17.100991206233825,18.87931930128113,20.580555722117364,10.528125581283037,22.68590134744479,22.76513597805537,7.640062742543449,17.24160323344482,24.335880892556183,13.955682263014985,18.66951293575809,19.889883964225074,16.61039106029506,25.352582508995702,18.129261283864682,29.612862631306175,19.627308373740114,21.25378781264882,21.8232228027462,18.9547420153671,12.523112981590062,20.523427366723073,10.958394636113496,21.988383259451385,20.490048270177965,16.361596406496382,24.652330850145187
11;13-MeC27,Methyl,27,2726,11;13-,NA,NA,NA,NA,NA,NA,NA,NA,NA,NA,NA,NA,NA,NA,NA,NA,NA,NA,NA,NA,0.18456145429304796,0.3493193785074869,0.19193700335860264,0.187002645336989,0.22775150154904722,0.18299552188247728,0.42000939842658774,0.2846359088255455,0.3137250792541802,0.15808717536545513,NA,NA,NA,NA,NA,NA,NA,NA,NA,NA
11;13-MeC27,Methyl,27,2726,11;13-,NA,NA,NA,NA,NA,NA,NA,NA,NA,NA,NA,NA,NA,NA,NA,NA,NA,NA,NA,NA,NA,NA,NA,NA,NA,NA,NA,NA,NA,NA,0.38463042649081947,0.3775544082340577,0.3017204215081767,0.24791814789220648,0.46784012351429627,0.34094796378306663,0.4106144676407175,0.6761468861806854,0.2433136779226906,0.4046307213302595
11;13-MeC27,Methyl,27,2729,11;13-,0.5402372668252192,0.4932792941086379,1.0193817726895955,0.9602948627460037,1.1552480808727197,0.752704058811976,0.6770320521927268,0.9879050440171634,1.0145350007299618,0.7928460704725191,NA,NA,NA,NA,NA,NA,NA,NA,NA,NA,NA,NA,NA,NA,NA,NA,NA,NA,NA,NA,NA,NA,NA,NA,NA,NA,NA,NA,NA,NA
11;13-MeC27,Methyl,27,2729,11;13-,NA,NA,NA,NA,NA,NA,NA,NA,NA,NA,0.4291348113145679,0.3147944583270573,0.7389065892200501,0.35821126775071005,0.9239241202877773,0.8701092571782886,0.486633996576086,0.42338617853709404,0.8645889721112092,0.4888548739444578,NA,NA,NA,NA,NA,NA,NA,NA,NA,NA,NA,NA,NA,NA,NA,NA,NA,NA,NA,NA
C28,Alkane,28,2800,"NA",0.6534357229803248,0.8507297709183108,0.6509734619292015,0.6261248139332147,0.6445191234324251,0.6470407723182627,0.4583026054048686,0.5394984428360697,0.6466430959105769,0.4501953961118481,0.8621099491709485,0.34994388322696085,0.5796236439809737,0.396345801907695,0.5024524311141754,0.7649218120672314,0.2944324194143578,0.579673628732444,0.6863120117211216,0.3763063800669991,0.471440754117695,0.6859879117490318,0.2756949903397854,0.4242380285325806,0.6747562641711905,0.31229163451889136,0.8356006952913289,0.4594845939858744,0.862270471900781,0.43835126046531897,0.8376967178927707,0.9162273628107249,0.7807354766895122,0.32986977154914254,0.8162275500793598,0.3651154877153819,0.6150084408685752,0.5777770773942144,0.6548164599687373,1.0206594443635835
C29:ene,Alkene,29,2874,"NA",NA,NA,NA,NA,NA,NA,NA,NA,NA,NA,NA,NA,NA,NA,NA,NA,NA,NA,NA,NA,NA,NA,NA,NA,NA,NA,NA,NA,NA,NA,1.7095244630301254,1.6019064369109504,0.9347345734650977,0.6232976103806692,1.3352030679893803,1.5183962514175118,1.3938242563671692,2.229774772448486,0.6764348050793441,0
C29:ene,Alkene,29,2874,"NA",NA,NA,NA,NA,NA,NA,NA,NA,NA,NA,NA,NA,NA,NA,NA,NA,NA,NA,NA,NA,1.8014088813327094,1.9167667811499474,1.7053220156613405,1.8769475828696178,2.034446646322578,2.8804411866266157,1.21639147812076,2.2533835829669413,2.4767974101420975,1.9744813956716134,NA,NA,NA,NA,NA,NA,NA,NA,NA,NA
C29:ene,Alkene,29,2874,"NA",3.749669026621926,4.9010123330565865,3.3044640035682535,4.051182691923323,2.3708704386074837,0.6071529926843745,1.938877071250076,1.0568390173163682,2.4669459559456683,1.522600204012719,2.334065285262183,0.5212439097266007,3.569003957419889,1.1482759460201377,0.8864195514775906,0.882950123902557,0.7097395844455242,2.6017565276578063,1.4224627714022502,0.3251679944873235,NA,NA,NA,NA,NA,NA,NA,NA,NA,NA,NA,NA,NA,NA,NA,NA,NA,NA,NA,NA
C29:ene,Alkene,29,2878,"NA",NA,NA,NA,NA,NA,NA,NA,NA,NA,NA,NA,NA,NA,NA,NA,NA,NA,NA,NA,NA,NA,NA,NA,NA,NA,NA,NA,NA,NA,NA,2.1134473303361974,2.6269102852514563,1.066353625754,0.7102798473389608,2.746710024415698,0.7129558145703261,2.479522018933676,2.7645748854583982,1.7343734078458524,4.527288991904057
C29:ene,Alkene,29,2881,"NA",NA,NA,NA,NA,NA,NA,NA,NA,NA,NA,NA,NA,NA,NA,NA,NA,NA,NA,NA,NA,1.723159546854498,0,0,1.6439055524412631,1.6566351238827808,1.2598874166247296,0,1.1874624769660396,0,1.6508221287292912,NA,NA,NA,NA,NA,NA,NA,NA,NA,NA
C29,Alkane,29,2900,"NA",6.8878922816687655,8.352805881919888,11.095361885658543,7.941284684102798,9.763322931091333,10.422388731196044,7.445974078288366,8.95568923957088,10.843438308704592,6.48208396224718,9.218970488023716,5.041052068211636,7.314248215882927,3.08477461540848,7.350849524802429,11.140372912049347,4.893139843196874,7.45276066030103,9.323879097608344,3.884472693328883,6.594355816176443,10.032854915488723,3.1135245440066344,5.383402882155614,7.825282332305999,3.5162940847981337,12.936354531240553,6.375113284781843,11.909086413029597,6.2967243546604506,11.28194839101311,13.19685401453134,9.495545102666577,4.1560040761511585,10.434642614522437,4.608838274792153,9.151334712899233,8.069191718075711,8.18274267150572,16.646336469652375
11;13-MeC29,Methyl,29,2928,11;13-,NA,NA,NA,NA,NA,NA,NA,NA,NA,NA,NA,NA,NA,NA,NA,NA,NA,NA,NA,NA,0.1471533650171321,0.3047303119935166,0.18347239451367464,0.1357107133995134,0.2079564054635938,0.11057916469662725,0.3835458249934451,0.20198778965226705,0.25529106412694963,0.09204071537770644,NA,NA,NA,NA,NA,NA,NA,NA,NA,NA
11;13-MeC29,Methyl,29,2928,11;13-,NA,NA,NA,NA,NA,NA,NA,NA,NA,NA,NA,NA,NA,NA,NA,NA,NA,NA,NA,NA,NA,NA,NA,NA,NA,NA,NA,NA,NA,NA,0.22525629100015138,0.24719706378427017,0.07580099397451576,0.105912584663749,0.29415864793410995,0.1487100418924049,0.3064813833467929,0.47316488817710717,0.14889936309868904,0.3034722214914365
11;13-MeC29,Methyl,29,2928,11;13-,0.15641368960050547,0.2583544812621577,0.5901666811631868,0.5929436944369252,0.6924842284271442,0.5167274807766264,0.43830679817642976,0.6035340357582871,0.716341755950324,0.4017830108790464,0.23437006980068972,0.19041310760817176,0.3617525432360292,0.07179950400696583,0.4605963323182635,0.4485136399905626,0.35594984958639325,0.2279506986058871,0.4423478854946241,0.22921145858317654,NA,NA,NA,NA,NA,NA,NA,NA,NA,NA,NA,NA,NA,NA,NA,NA,NA,NA,NA,NA
C30:ene,Alkene,30,2978,"NA",NA,NA,NA,NA,NA,NA,NA,NA,NA,NA,NA,NA,NA,NA,NA,NA,NA,NA,NA,NA,0.10687510725144679,0.18637193030976243,0,0.09927109918886304,0.10160301389581276,0.09371636645404818,0.08110213105330426,0.14597356652171306,0.34547339220680423,0.056390245694800514,NA,NA,NA,NA,NA,NA,NA,NA,NA,NA
C30,Alkane,30,3000,"NA",0.11245481845902466,0.1708772790515978,0.3382790395138719,0.20257747579360647,0.25395762645293674,0.32137192114316954,0.25833380181890214,0.34574954520501433,0.28774503350057523,0.28115695822019043,NA,NA,NA,NA,NA,NA,NA,NA,NA,NA,0.1459197064122879,0.24316625573772804,0.06715494618574058,0.09965474308295938,0.2428268134538151,0.07131428527673968,0.3593514143013438,0.11721343438718279,0.2125813534065637,0.15235299395970703,0.30982590620105105,0.7042529943811822,0.9326691061589204,0.8816291466321642,0.45467080026610823,0,0.5864713707012401,0.17171160313524114,0.6471275720803279,0.31474132249791636
C31:diene,Alkadiene,31,3052,"NA",0.03415744908502996,0.19197507418420118,0.14555137770515,0.18469845623227116,0.21782004481237563,0.09200962089511679,0,0,0,0,NA,NA,NA,NA,NA,NA,NA,NA,NA,NA,0.10628035095631974,0.14245078915586915,0,0.10558548237193223,0.12960528870531432,0.1144529734354205,0.11124774877330397,0,0.17764527673608818,0,NA,NA,NA,NA,NA,NA,NA,NA,NA,NA
C31:diene,Alkadiene,31,3052,"NA",NA,NA,NA,NA,NA,NA,NA,NA,NA,NA,NA,NA,NA,NA,NA,NA,NA,NA,NA,NA,NA,NA,NA,NA,NA,NA,NA,NA,NA,NA,0.1321709827004712,0.19279644879912375,0.14833434440781737,0.20943669633528678,0,0.22196096502330553,0.18238988149445404,0,0,0.1891833951218438
C31:diene,Alkadiene,31,3058,"NA",NA,NA,NA,NA,NA,NA,NA,NA,NA,NA,NA,NA,NA,NA,NA,NA,NA,NA,NA,NA,0.6067938682703042,0.8161949268987612,0.2898297143949296,0.6150720891923883,0.49693436472122404,0.4246865082506719,0.6401871556744739,0.8550163440100511,1.0742708671272165,0.5143596316803642,NA,NA,NA,NA,NA,NA,NA,NA,NA,NA
C31:diene,Alkadiene,31,3058,"NA",0.11608183273322721,0.431557186496427,1.1266968330668161,0.5529857872604905,0.8123703712641089,0.7653424045708621,0.9669484563681104,1.138820143890886,1.0163771571465485,0.9424597031663694,NA,NA,NA,NA,NA,NA,NA,NA,NA,NA,NA,NA,NA,NA,NA,NA,NA,NA,NA,NA,1.4619086154231469,0.7336298831293723,0.3759289378508378,0.35473631098048386,1.0335513118647837,0.6678024871707403,0.7408941727666113,1.3085025711718177,0.8565193529223423,1.1200782783185461
C31:ene,Alkene,31,3075,"NA",0.8026179228596689,2.3509298620007804,5.178992446629485,3.738211999555369,5.787213522132376,4.061244570301155,3.8043222076349212,4.89369061747373,3.435282472878847,3.521107449810565,NA,NA,NA,NA,NA,NA,NA,NA,NA,NA,1.3067697662408788,2.220003575671723,0.9631125349610864,1.3543255563622274,1.1523167406789447,1.2206438180634487,3.0402448636083856,1.7072157767294864,2.5638583435066455,1.0195024006048299,NA,NA,NA,NA,NA,NA,NA,NA,NA,NA
C31:ene,Alkene,31,3082,"NA",0.612888003503943,1.8192692691080787,3.88750714778734,2.5812369970159508,3.1899290750583496,3.449218569520617,2.6548652855579773,3.58649995267206,2.7600283918891906,2.764463357167211,NA,NA,NA,NA,NA,NA,NA,NA,NA,NA,1.4454620765811999,2.403514173913044,0.7403501184775927,1.3446580118943807,1.3470051816428192,1.2817576367877899,2.660298073746356,1.6109490455020827,2.626096440247589,1.1029113788440426,NA,NA,NA,NA,NA,NA,NA,NA,NA,NA
C31:ene,Alkene,31,3082,"NA",NA,NA,NA,NA,NA,NA,NA,NA,NA,NA,1.3186186956533035,1.1766628650549287,1.8174567918931912,0.2347554702483334,2.861446746676873,2.222750440668071,1.534559665206769,1.2790546204718773,2.1967129294758987,1.1028503454834715,NA,NA,NA,NA,NA,NA,NA,NA,NA,NA,2.232890117072406,2.0616711247694806,0.9290210453026332,0.8884560826255536,2.3363034420215083,1.2049059290483277,2.25473673926305,2.7335535883864446,1.0936433222870976,2.6606648785523968
C31,Alkane,31,3100,"NA",1.2783525878048594,2.685686671665365,6.696049001788119,3.5476002827634723,4.02280876523737,5.3074617385984375,4.176176208067599,4.370849072754135,5.631592788727104,3.471294269240737,3.3267572045531844,3.2441401944811403,3.535336323380899,0.999787230312073,4.317626815672907,6.6961547240922625,2.8534704026881785,3.485582757498904,4.209234559362252,2.723034887420977,2.046305245694353,2.8965577991745284,0.9393242582984372,1.3140487218476433,2.557871907196292,1.1813406352092655,6.8353175019098575,1.6262078656198367,2.8764786372791833,2.3933450939337035,4.384454332644414,4.807715377884234,2.5586774316361782,2.0654459159274072,3.569421355572163,2.1766852555299616,4.144673527195639,2.4840175066286196,2.7116739223209745,4.062266728151553
13;15-MeC31,Methyl,31,3129,13;15-,0.022658988734201344,0.09910189426556681,0.2325612208090211,0.17886191177401656,0.2278669356926681,0.20773237906539674,0.13928819252914007,0.21432805296636373,0.22079009007415928,0.14443220764537287,NA,NA,NA,NA,NA,NA,NA,NA,NA,NA,0.03065035309063168,0.0766222814250813,0.03884480249674471,0.044356735242053025,0.050461156628616645,0.02617448493588406,0.14831512134716124,0.0478846892944668,0.06507428399249014,0.031787831448651445,NA,NA,NA,NA,NA,NA,NA,NA,NA,NA
13;15-MeC31,Methyl,31,3129,13;15-,NA,NA,NA,NA,NA,NA,NA,NA,NA,NA,NA,NA,NA,NA,NA,NA,NA,NA,NA,NA,NA,NA,NA,NA,NA,NA,NA,NA,NA,NA,0.059016418383428935,0.06925464977731859,0,0,0.08141844670225068,0,0.08436824345169285,0.15437019572996988,0,0.09160152057907536
13;15-MeC31,Methyl,31,3129,13;15-,NA,NA,NA,NA,NA,NA,NA,NA,NA,NA,0.05180959987163876,0.05624063505285015,0.09397756599164855,0,0.19482782259836537,0.26759369648857667,0,0.07294112392883366,0.10991254642127803,0,NA,NA,NA,NA,NA,NA,NA,NA,NA,NA,NA,NA,NA,NA,NA,NA,NA,NA,NA,NA
C32:ene,Alkene,32,3178,"NA",0,0.11139251009915332,0.2295874333095212,0.21061875828231932,0.195996266132984,0.25681096062219533,0.22597289965153852,0.3046168631541206,0.1920054233484307,0.19200716030614187,NA,NA,NA,NA,NA,NA,NA,NA,NA,NA,0.04091631761519008,0.07408126833695731,0.013159846933067933,0.04465212505384744,0.032057325110606695,0.028410132025149255,0.17451878256275444,0.0732617876486419,0.1424658113970294,0.022590885477926342,NA,NA,NA,NA,NA,NA,NA,NA,NA,NA
C32:ene,Alkene,32,3178,"NA",NA,NA,NA,NA,NA,NA,NA,NA,NA,NA,NA,NA,NA,NA,NA,NA,NA,NA,NA,NA,NA,NA,NA,NA,NA,NA,NA,NA,NA,NA,2.0141151431860913,0,0,0,0.0758701551333775,0,0.047661240418495655,0.06920854798161474,0.030970919765877437,0.07745935153496146
C33:diene,Alkadiene,33,3256,"NA",0.03583218105220226,0.6064528165959691,1.7620538913127493,1.057513659506139,1.383591598862426,1.8018576760622123,2.0013988844261186,2.7089969716700737,1.618278468828953,1.9997056251641714,NA,NA,NA,NA,NA,NA,NA,NA,NA,NA,NA,NA,NA,NA,NA,NA,NA,NA,NA,NA,0.33758677581407653,0.32642896469648786,0.15162529322538587,0.18824019683600987,0.37362521961831013,0.25301261362853317,0.41752117949713635,0.5205385605885342,0.2212447992812313,0.51841473002676
C33:ene,Alkene,33,3278,"NA",NA,NA,NA,NA,NA,NA,NA,NA,NA,NA,2.357513722940461,2.2126757754671464,3.324208554565576,0.18581025053222294,6.450024138023469,4.199842110439013,2.8295247075756373,2.4053306050732295,3.9565493281716475,2.0389348832724266,NA,NA,NA,NA,NA,NA,NA,NA,NA,NA,NA,NA,NA,NA,NA,NA,NA,NA,NA,NA
C33:ene,Alkene,33,3278,"NA",NA,NA,NA,NA,NA,NA,NA,NA,NA,NA,NA,NA,NA,NA,NA,NA,NA,NA,NA,NA,1.110095549574196,1.597924814798745,0.46228730006532054,1.072896103851485,0.82805455614713,1.0070103158256536,5.312594976009783,1.390548495757224,2.0816348950763834,0.6985387501342495,1.7750629136808276,1.2989028938710396,0.7299211893047871,0.7046099190361094,1.6688074686295655,1.0413271682759846,1.7263268177108135,1.9947517516991409,0.7075946052623617,2.0621089488980293
C33:ene,Alkene,33,3278,"NA",0.28512541676808045,3.0976903726695673,6.092442882871843,5.371421232655732,5.841928719119022,6.786409202659742,6.117086965711762,7.69110715672749,5.2601511084415895,5.814751670004695,NA,NA,NA,NA,NA,NA,NA,NA,NA,NA,NA,NA,NA,NA,NA,NA,NA,NA,NA,NA,NA,NA,NA,NA,NA,NA,NA,NA,NA,NA
C33,Alkane,33,3300,"NA",0.01667687899834966,0.14585458155299183,0.8509435450473033,0.3140216867936957,0.43833140738109316,0.5462673371491497,0.40881841472907526,0.6940408447523267,0.49110069955902336,0.4212046906566359,NA,NA,NA,NA,NA,NA,NA,NA,NA,NA,0.07794465936083109,0.08388650320759737,0.024093164482177794,0.049431280415462193,0.08004216120058712,0.04779402165142921,0.6474897257630327,0.05465139900319054,0.12223484536920046,0.09113223820679452,NA,NA,NA,NA,NA,NA,NA,NA,NA,NA
