"","mean_RT","NM_061_1","NM_062_1","NM_063_1","NM_064_1","NM_067_1","NM_068_1","NM_071_1","NM_073_1","NM_087","NM_089","NM_090","NM_091","NM_092","NM_093","NM_094","NM_095","NM_122","NM_124","NM_125","NM_126","NM_127","NM_128","NM_131","NM_132","NM_161","NM_162","NM_163","NM_164_1","NM_165","NM_166","NM_167","NM_169"
"P1",4.15488,4.17,4.163,4.163,4.156,4.17,4.163,4.17,4.115,4.156,4.156,4.156,4.156,4.156,4.156,4.156,4.156,0,0,4.115,0,0,0,0,0,4.122,4.122,4.122,4.115,4.115,4.156,4.149,4.163
"P2",4.168,0,0,0,0,0,0,0,4.163,0,0,0,0,0,0,0,0,0,0,0,0,0,0,0,0,0,0,0,0,0,0,0,0
"P3",4.281,0,0,0,0,0,0,0,0,0,0,0,0,0,0,0,0,0,0,0,0,0,0,0,0,0,0,4.266,0,0,0,0,0
"P4",4.38725,0,0,0,0,0,0,0,0,4.384,0,4.384,0,4.377,0,0,4.384,0,0,0,0,0,0,0,0,0,0,0,0,0,0,0,0
"P5",4.55,0,0,0,0,0,0,0,0,0,0,0,0,0,0,0,0,0,0,0,0,0,0,0,0,0,0,0,0,0,0,4.535,0
"P6",5.0003125,4.997,4.997,4.991,5.004,4.997,5.004,4.991,4.998,4.99,4.997,4.997,5.004,4.997,4.991,4.99,4.997,4.991,4.99,4.997,4.991,4.99,4.99,4.99,4.99,4.977,4.99,4.997,4.984,4.99,4.99,4.991,4.99
"P7",5.081,0,5.08,5.073,0,5.073,0,0,5.073,5.08,5.073,5.08,5.08,5.08,5.073,5.08,5.073,0,0,0,0,0,0,0,0,5.066,5.066,5.066,0,5.066,5.073,5.066,5.073
"P8",5.30866666666667,0,0,0,0,0,0,0,0,0,5.301,5.308,0,5.301,0,0,0,0,0,0,0,0,0,0,0,5.287,5.301,0,0,0,5.294,0,0
"P9",5.64069230769231,5.652,0,5.653,0,0,0,0,0,5.673,0,0,0,0,0,0,0,5.611,5.618,5.625,5.625,5.632,5.652,5.611,5.625,5.646,0,0,5.611,0,0,0,0
"P10",5.78842857142857,0,5.777,0,0,5.776,5.79,5.784,5.797,0,5.804,5.783,5.77,0,0,5.777,5.77,0,0,0,0,0,0,0,0,0,5.756,5.77,0,0,5.804,0,5.79
"P11",5.972,0,0,0,0,0,0,0,0,0,0,0,0,0,5.921,0,0,0,0,0,0,0,0,0,0,5.977,0,0,0,0,0,5.983,0
"P12",6.28894736842105,0,0,6.315,0,0,6.287,6.321,0,0,6.232,6.287,0,6.294,6.287,6.301,0,6.28,6.301,0,0,6.28,6.266,0,6.307,6.232,6.287,6.232,6.232,6.294,6.28,0,0
"P13",6.56572727272727,0,6.57,6.549,6.569,6.487,6.604,6.577,6.577,0,6.57,6.535,6.535,6.583,6.528,6.535,6.535,0,0,0,0,0,0,0,0,6.563,6.556,6.583,6.549,6.563,6.569,6.604,6.535
"P14",6.657,0,0,0,0,0,0,0,0,0,0,0,0,0,0,0,0,0,0,0,6.652,0,0,0,0,0,0,0,0,0,0,0,0
"P15",6.79686666666667,0,6.797,6.804,6.79,0,6.797,6.797,6.79,6.797,6.79,6.79,6.797,6.783,6.79,6.79,6.783,0,0,0,0,0,0,0,0,0,0,0,0,6.783,0,0,0
"P16",7.09375,7.114,7.101,7.101,7.087,7.087,7.087,7.087,7.08,7.094,0,7.094,7.087,7.087,7.087,7.08,7.094,0,0,0,0,0,0,0,0,0,0,0,0,7.073,0,0,0
"P17",7.28486956521739,7.293,7.28,7.28,7.28,7.28,7.28,7.28,7.28,7.287,7.28,7.287,7.28,7.28,7.273,7.273,7.28,0,0,0,0,0,0,0,0,7.28,7.266,7.273,7.28,7.266,7.266,7.273,0
"P18",7.362,7.369,0,0,0,7.356,7.356,0,7.356,7.362,7.349,7.356,7.356,7.363,7.356,7.356,7.356,7.356,7.356,7.356,7.363,7.349,7.356,7.349,7.348,7.349,7.349,7.349,7.349,7.349,7.342,7.349,7.356
"P19",7.636,0,0,0,0,0,0,0,0,0,0,0,0,0,0,0,0,0,0,0,0,0,0,0,0,7.618,0,7.59,0,7.618,7.638,7.631,7.631
"P20",7.72833333333333,0,0,0,0,0,7.742,7.714,7.714,0,0,0,0,0,0,0,0,0,0,0,0,0,0,0,0,0,0,0,0,0,0,0,0
"P21",7.933,0,0,0,0,0,0,0,0,0,0,0,0,0,0,0,0,0,0,0,7.928,0,0,0,0,0,0,0,0,0,0,0,0
"P22",8.033,0,0,0,0,0,0,0,0,0,0,0,0,0,0,0,0,0,0,0,0,0,0,0,0,0,0,0,0,0,0,0,8.018
"P23",8.3655,0,0,0,0,0,0,0,0,0,8.349,0,0,0,0,0,0,0,0,0,0,0,0,0,0,0,0,0,0,0,0,8.362,0
"P24",8.6989375,8.7,8.7,8.7,8.7,8.7,8.693,8.693,8.693,8.686,8.693,8.693,8.693,8.693,8.693,8.7,8.693,8.687,8.693,8.693,8.693,8.686,8.693,8.686,8.686,8.686,8.686,8.693,8.687,8.686,8.686,8.686,8.686
"P25",8.92557142857143,0,8.907,8.969,8.9,8.9,8.976,0,0,8.955,8.893,8.955,8.962,8.9,8.955,8.969,8.921,0,0,0,0,0,0,0,0,8.907,8.879,8.88,8.886,8.9,8.886,8.893,8.879
"P26",9.10725,0,9.121,9.121,9.141,9.107,9.107,9.107,9.114,9.093,0,9.086,9.086,9.08,9.093,9.093,9.086,0,9.107,9.107,9.1,9.107,9.093,9.121,9.1,9.093,0,9.086,9.1,9.079,9.079,9.093,9.093
"P27",9.52125,9.514,0,0,0,0,0,0,0,0,0,0,0,0,0,0,0,9.493,0,0,0,0,0,0,0,0,0,9.541,0,0,0,0,9.507
"P28",9.74266666666667,9.734,9.748,9.742,0,9.741,9.748,9.748,9.728,9.734,9.741,9.741,9.735,9.748,9.735,9.741,9.728,0,0,0,9.748,0,0,0,9.734,0,9.741,9.714,9.707,9.735,9.727,9.728,9.728
"P29",9.9106875,9.907,9.907,9.914,9.907,9.907,9.914,9.914,9.914,9.907,9.9,9.9,9.907,9.907,9.9,9.907,9.907,9.9,9.9,9.907,9.9,9.9,9.9,9.9,9.9,9.9,9.9,9.9,9.893,9.893,9.9,9.9,9.9
"P30",10.005,0,0,0,0,0,0,0,0,0,0,0,0,0,0,0,0,0,0,0,0,0,0,0,0,0,0,0,0,0,0,9.99,0
"P31",10.1158636363636,0,10.114,10.121,10.121,10.114,10.107,10.114,10.121,10.107,10.114,10.107,10.107,10.1,10.107,10.107,10.114,0,0,0,0,0,0,0,0,10.1,10.1,10.107,10.1,10.1,10.1,10.107,0
"P32",10.4028333333333,10.41,0,0,0,10.39,10.404,10.397,0,0,0,0,0,0,0,0,0,0,0,0,0,0,0,0,0,0,0,10.383,0,0,10.403,0,0
"P33",10.537,0,10.521,10.555,0,0,10.521,10.541,0,10.534,10.541,10.548,10.521,10.514,10.521,10.527,10.528,0,10.548,0,0,0,0,0,0,0,0,0,0,0,0,10.528,0
"P34",10.7338181818182,0,10.734,10.728,10.734,10.727,10.734,10.734,10.735,10.727,10.728,10.727,10.728,10.728,10.728,10.727,10.727,0,0,0,0,0,0,0,0,10.721,10.72,10.721,10.714,10.721,10.72,10.721,0
"P35",10.840875,0,0,0,0,0,10.838,10.831,0,0,0,0,0,0,0,0,0,0,0,0,0,0,0,0,0,10.824,10.824,10.831,10.824,10.838,0,10.817,0
"P36",11.0142857142857,0,0,0,0,0,0,0,0,0,0,0,0,0,0,0,0,0,0,0,0,0,0,0,0,11.003,11.038,10.996,10.996,11.017,10.955,10.99,0
"P37",11.1970357142857,11.203,11.19,11.19,11.189,11.203,11.19,11.19,11.19,11.183,11.183,11.183,11.183,11.183,11.183,11.183,11.183,0,0,11.19,11.196,11.196,11.231,0,11.21,11.196,11.176,11.189,11.19,11.176,11.182,11.176,0
"P38",11.6045625,11.624,11.596,11.603,11.61,11.61,11.59,11.589,11.596,11.596,11.589,11.589,11.589,11.589,11.596,11.589,11.582,11.59,11.589,11.645,11.589,11.617,11.61,11.617,11.61,11.589,11.582,11.596,11.603,11.589,11.582,11.589,11.582
"P39",11.8626153846154,0,11.858,11.865,11.872,0,11.865,11.852,0,11.858,11.858,11.865,11.851,11.852,11.851,11.851,0,0,0,0,0,0,0,0,0,0,0,0,0,11.851,0,0,0
"P40",11.967,0,0,0,0,0,0,0,0,0,11.962,0,0,0,0,0,0,0,0,0,0,0,0,0,0,0,0,0,0,0,0,0,0
"P41",12.177,0,0,0,0,12.182,0,0,0,0,0,0,0,0,0,0,0,0,0,0,0,0,0,0,0,0,0,0,0,0,0,0,0
"P42",12.266125,12.293,12.238,12.251,0,12.286,12.231,12.231,12.231,12.238,12.279,12.244,12.286,12.231,12.286,12.231,12.238,0,0,12.286,0,0,0,12.286,12.285,0,12.258,12.251,12.258,12.279,12.244,0,12.286
"P43",12.38412,0,12.376,12.376,12.389,12.389,12.369,12.362,12.369,12.362,12.389,12.375,12.396,12.369,12.376,12.362,12.369,0,0,12.417,12.431,0,0,0,12.403,12.362,12.368,12.362,12.369,12.362,12.368,12.348,0
"P44",12.5765,0,0,0,0,0,0,0,0,0,0,0,0,0,0,0,0,0,0,0,0,0,0,0,0,0,0,12.527,0,0,0,0,12.596
"P45",12.7425,0,0,0,0,0,0,0,0,0,0,0,0,12.748,0,12.727,0,0,0,0,0,0,0,0,0,0,0,0,0,0,0,0,0
"P46",13.0141923076923,12.975,0,13.024,13.072,12.968,0,0,12.969,0,13.058,13.044,0,13.079,13.017,13.051,13.044,0,12.948,12.989,13.01,13.065,13.051,12.955,13.03,12.975,13.017,12.955,12.934,13.01,12.968,13.003,12.948
"P47",13.130125,13.134,13.127,13.134,13.134,13.134,13.1,13.134,13.134,13.093,13.127,13.127,13.1,13.12,13.127,13.127,13.127,13.12,13.127,13.127,13.127,13.127,13.12,13.127,13.12,13.12,13.12,13.12,13.12,13.12,13.12,13.12,13.12
"P48",13.508,0,0,0,13.527,0,0,0,0,0,0,0,0,0,0,0,0,0,0,0,0,0,0,0,0,13.472,13.513,13.486,13.479,13.506,13.506,13.465,0
"P49",13.652,0,0,0,0,0,0,0,0,0,0,0,0,0,0,0,0,0,0,0,0,0,0,0,0,0,0,0,0,0,0,13.637,0
"P50",13.7505925925926,13.748,13.789,13.768,13.761,0,13.775,13.796,0,13.768,13.741,13.734,13.762,13.748,13.734,13.741,13.741,0,13.727,13.727,13.72,13.741,13.748,13.713,13.727,13.748,13.734,13.713,0,13.727,13.72,13.72,0
"P51",13.949,0,0,0,0,0,0,0,0,0,0,0,0,0,0,0,0,0,0,0,0,0,0,0,0,0,0,0,0,0,13.927,13.941,0
"P52",14.07903125,14.134,14.099,14.086,14.079,14.099,14.086,14.099,14.086,14.085,14.065,14.058,14.072,14.086,14.086,14.072,14.065,14.086,14.051,14.065,14.058,14.058,14.065,14.058,14.058,14.058,14.058,14.058,14.044,14.058,14.058,14.058,14.051
"P53",14.219,0,14.224,0,0,0,0,0,0,0,0,0,0,0,0,0,0,0,0,0,0,0,0,0,0,0,0,0,0,0,0,0,0
"P54",14.4793333333333,0,0,0,0,0,0,0,0,0,0,14.465,0,14.479,0,0,14.479,0,0,0,0,0,0,0,0,0,0,0,0,0,0,0,0
"P55",14.6302,0,14.651,0,0,14.637,14.651,0,0,0,14.63,14.623,0,14.623,0,14.637,0,0,0,0,14.582,0,0,0,0,14.61,14.644,14.575,0,14.616,14.637,14.623,14.589
"P56",14.73,0,0,0,0,0,0,0,0,0,0,0,0,0,0,0,14.727,0,0,0,0,0,0,0,0,0,14.713,0,0,0,0,0,0
"P57",14.8028846153846,14.809,14.796,14.803,14.803,14.803,14.796,14.81,14.803,14.796,14.803,14.789,14.789,14.789,14.796,14.796,14.789,0,0,0,14.81,0,14.803,0,0,14.796,14.789,14.782,14.796,14.789,14.775,14.796,14.789
"P58",14.907,0,0,0,0,0,0,0,0,0,0,0,0,0,0,0,0,0,0,0,0,0,0,0,0,0,0,0,0,0,0,14.892,0
"P59",15.0853548387097,0,15.092,15.092,15.092,15.092,15.092,15.092,15.092,15.092,15.092,15.085,15.085,15.085,15.085,15.092,15.085,15.044,15.044,15.044,15.092,15.044,15.044,15.037,15.037,15.092,15.085,15.085,15.085,15.078,15.078,15.085,15.092
"P60",15.176,0,0,0,0,0,0,0,0,0,0,0,0,0,0,0,0,0,0,0,0,0,0,0,0,15.161,0,0,0,0,0,0,0
"P61",15.2844444444444,0,0,0,0,15.271,15.285,0,0,0,0,0,0,0,0,0,0,15.279,0,0,15.285,0,0,15.271,15.278,0,0,15.272,15.279,0,0,0,15.265
"P62",15.4006666666667,0,0,0,0,0,0,0,0,0,15.416,15.375,0,15.396,0,0,0,0,0,0,0,0,0,0,0,0,0,0,0,0,0,0,0
"P63",15.577,0,0,0,0,15.582,0,0,0,0,0,0,0,0,0,0,0,0,0,0,0,0,0,0,0,0,0,0,0,0,0,0,0
"P64",15.6702727272727,0,15.665,15.672,15.664,15.664,15.672,15.665,15.665,15.658,15.651,0,15.658,15.665,15.665,15.665,15.665,15.658,0,0,15.685,0,0,0,0,0,15.651,15.685,0,15.651,15.657,15.637,15.678
"P65",15.877,0,0,0,0,0,0,0,0,0,0,0,0,0,0,0,0,0,0,0,15.872,0,0,0,0,0,0,0,0,0,0,0,0
"P66",16.1401875,16.14,16.14,16.154,0,0,16.154,0,0,16.147,0,16.14,0,16.14,16.147,16.154,16.147,0,0,0,16.099,0,0,0,0,0,16.133,16.092,16.127,0,0,16.127,16.092
"P67",16.2399545454545,0,0,16.251,16.237,0,16.244,16.237,0,16.237,16.237,16.237,16.223,16.23,16.23,16.237,16.223,0,0,16.23,16.223,16.23,16.237,16.244,16.23,0,16.223,16.223,0,16.23,0,0,16.216
"P68",16.3136666666667,16.32,0,0,0,16.313,0,0,0,0,0,0,0,0,16.313,0,0,0,0,0,0,0,0,0,0,0,0,0,0,0,0,0,0
"P69",16.4683333333333,0,0,0,0,0,0,0,0,0,0,0,0,0,0,0,0,0,0,0,0,0,0,0,0,0,0,16.451,0,16.451,0,0,16.458
"P70",16.6517368421053,16.657,0,0,16.651,0,16.651,0,16.651,16.651,16.664,16.644,16.651,16.644,16.644,0,16.651,0,0,0,0,0,16.644,0,0,16.644,0,16.644,16.575,16.637,16.644,16.637,16.644
"P71",16.7401428571429,0,16.727,0,0,16.768,16.733,0,16.727,0,0,0,16.727,16.72,16.72,0,16.72,0,0,0,16.754,0,0,0,16.747,0,16.713,16.747,0,0,16.712,0,16.747
"P72",16.86,0,0,0,0,16.892,0,0,0,0,0,0,0,0,0,0,0,0,0,0,16.844,0,0,0,0,0,0,16.837,0,0,0,0,16.837
"P73",17.0416,0,0,0,0,0,0,0,0,0,0,17.037,0,0,0,0,0,0,0,0,0,0,0,0,0,17.044,0,17.023,17.016,0,17.023,0,0
"P74",17.118875,17.133,0,0,0,0,0,0,0,0,0,0,0,0,0,0,0,0,0,0,17.106,0,0,0,0,17.106,0,17.106,0,17.106,17.099,17.106,17.099
"P75",17.22165625,17.223,17.216,17.223,17.23,17.223,17.223,17.23,17.216,17.216,17.209,17.209,17.216,17.209,17.216,17.216,17.216,17.209,17.209,17.209,17.209,17.209,17.216,17.209,17.209,17.209,17.209,17.209,17.202,17.209,17.209,17.209,17.237
"P76",17.35265625,17.354,17.354,17.354,17.354,17.354,17.347,17.354,17.354,17.347,17.347,17.347,17.347,17.347,17.347,17.347,17.354,17.34,17.34,17.347,17.34,17.34,17.34,17.34,17.34,17.34,17.34,17.34,17.34,17.34,17.34,17.34,17.34
"P77",17.4694285714286,0,0,0,0,17.492,0,0,0,17.471,0,0,0,17.471,0,0,0,0,0,0,17.457,0,17.45,0,0,0,0,17.45,0,0,0,0,17.45
"P78",17.5711666666667,0,0,0,0,17.602,0,0,0,0,0,0,0,0,0,0,0,0,0,0,17.526,0,17.595,0,0,17.595,0,17.526,0,0,0,0,17.533
"P79",17.772,17.774,17.775,17.775,17.768,17.761,17.761,17.768,17.768,17.761,17.761,17.761,17.761,17.768,17.761,17.761,17.761,17.754,17.761,17.761,17.782,17.754,17.761,17.761,17.767,17.761,17.761,17.781,17.768,17.754,17.754,17.761,17.788
"P80",18.02475,0,0,0,0,0,0,0,0,0,0,0,0,0,0,0,0,0,0,0,18.002,0,0,0,0,0,0,17.988,18.064,0,0,0,17.995
"P81",18.1866,18.188,0,0,0,0,18.188,18.175,0,0,0,18.181,18.195,0,0,18.195,0,0,0,0,0,0,0,0,0,18.174,0,0,0,18.161,0,18.168,18.161
"P82",18.2826,0,18.299,0,0,0,0,0,0,0,0,0,0,0,0,0,0,0,0,0,18.257,0,0,0,0,0,18.298,18.257,0,0,0,0,18.257
"P83",18.407,0,0,0,0,0,0,0,0,0,18.402,0,0,0,0,0,0,0,0,0,0,0,0,0,0,0,0,0,0,0,0,0,0
"P84",18.5055,0,0,0,0,0,0,0,0,0,0,0,0,0,0,0,0,0,0,0,18.499,0,0,0,0,0,0,18.492,0,0,0,0,0
"P85",18.67525,0,18.678,0,0,0,0,18.671,0,0,0,0,0,0,0,0,0,0,0,0,0,0,0,0,0,0,18.692,0,0,0,0,0,18.63
"P86",18.7526956521739,0,0,0,0,18.767,18.712,0,0,18.74,18.754,18.747,18.747,18.747,18.754,18.747,18.747,0,18.747,18.754,18.74,18.747,18.747,0,18.74,18.747,0,18.747,18.726,18.74,18.754,18.74,18.726
"P87",18.83775,18.843,0,0,18.809,0,0,18.843,0,0,0,0,0,0,0,0,0,0,0,0,0,0,0,0,0,0,0,0,0,0,0,0,18.836
"P88",18.948,0,0,0,0,0,0,0,0,0,0,0,0,0,0,0,0,0,0,0,0,0,0,0,0,0,0,0,0,0,0,18.933,0
"P89",19.0532631578947,0,19.043,19.05,0,0,19.05,19.05,19.05,19.05,19.05,19.05,19.05,19.05,19.043,19.057,19.043,0,0,0,0,0,19.043,19.05,19.043,0,19.043,0,0,19.036,19.036,0,0
"P90",19.1465,0,0,0,0,0,0,0,0,0,0,0,0,0,0,0,0,19.181,0,0,19.099,0,0,0,0,0,0,19.133,0,0,0,0,19.133
"P91",19.3094444444444,0,19.271,0,0,0,19.319,0,19.271,19.312,0,0,0,19.312,0,0,0,0,0,0,19.326,0,0,0,0,0,0,19.326,0,19.271,0,0,19.312
"P92",19.40125,0,0,0,0,0,0,0,0,0,0,0,0,0,0,0,0,0,0,0,0,0,0,0,0,19.395,0,0,19.381,19.381,0,19.388,0
"P93",19.52236,19.526,19.519,19.519,19.526,19.512,19.526,19.526,19.526,19.519,19.512,19.519,19.519,19.519,19.512,19.519,19.512,0,0,0,19.512,0,0,0,19.505,19.512,19.512,19.505,19.505,19.512,0,19.505,19.505
"P94",19.7458,0,0,0,0,0,0,0,0,0,0,0,0,0,0,0,0,0,0,0,19.733,0,0,0,19.732,0,0,19.733,19.733,0,0,0,19.733
"P95",19.8239285714286,19.822,19.829,19.823,19.816,19.822,19.816,19.823,19.816,19.809,0,0,19.823,19.816,19.816,19.822,19.816,19.809,19.816,19.816,19.823,19.816,19.815,19.822,19.815,19.809,19.809,0,0,19.802,19.808,19.829,19.822
"P96",19.972,0,0,0,0,0,0,0,0,0,0,19.967,0,0,0,0,0,0,0,0,0,0,0,0,0,0,0,0,0,0,0,0,0
"P97",20.0508,0,0,0,0,0,20.05,20.043,0,0,20.036,20.036,0,0,0,0,0,0,0,0,20.064,0,0,0,0,0,0,0,0,0,0,0,0
"P98",20.1926666666667,0,0,0,0,0,0,0,0,0,0,0,0,0,0,0,0,0,0,0,20.188,0,0,0,0,0,0,20.174,0,0,0,0,20.181
"P99",20.2848461538462,0,0,0,0,0,0,0,0,0,0,0,0,20.285,0,0,0,0,20.271,20.285,20.285,20.291,0,0,0,20.271,20.277,20.271,20.264,20.264,20.27,20.264,20.25
"P100",20.355,0,0,0,0,0,0,0,0,0,0,0,0,0,0,0,0,0,0,0,0,0,0,0,0,0,0,0,0,0,0,0,20.34
"P101",20.47825,0,20.498,0,0,0,0,0,0,0,0,0,0,0,0,0,0,0,0,0,20.457,0,0,0,0,0,0,20.471,0,0,0,0,20.457
"P102",20.5735,0,0,0,0,0,0,0,0,0,0,0,0,0,0,0,0,0,0,0,20.56,0,0,0,0,0,0,0,0,0,20.567,0,0
"P103",20.7495,0,0,0,0,20.705,20.726,0,0,0,0,20.781,0,0,0,0,0,0,0,0,20.753,0,0,0,0,0,0,20.746,0,0,0,0,20.746
"P104",20.938,0,0,0,0,0,0,0,0,0,0,0,0,0,0,0,0,0,0,0,20.933,0,0,0,0,0,0,0,0,0,0,0,0
"P105",21.0871666666667,0,21.105,0,0,21.091,21.091,21.098,21.098,0,0,21.084,21.091,21.084,21.091,21.084,21.091,0,0,0,0,0,21.084,0,0,21.057,21.084,0,0,21.057,21.077,21.064,21.008
"P106",21.20040625,21.195,21.222,21.195,21.195,21.188,21.195,21.195,21.195,21.188,21.188,21.215,21.215,21.215,21.188,21.188,21.215,21.181,21.181,21.181,21.188,21.181,21.188,21.181,21.181,21.208,21.208,21.202,21.14,21.208,21.201,21.181,21.181
"P107",21.40375,0,0,0,0,0,0,0,0,0,0,0,0,0,0,0,0,0,0,0,21.395,0,0,0,21.387,0,0,21.395,0,0,0,0,21.388
"P108",21.5735,0,0,0,0,0,0,0,0,21.546,0,0,21.56,21.567,0,21.56,0,0,0,0,21.629,0,0,0,0,0,21.56,21.539,21.54,0,21.546,0,21.588
"P109",21.71984375,21.726,21.719,21.726,21.712,21.719,21.719,21.719,21.719,21.712,21.712,21.719,21.712,21.712,21.719,21.719,21.712,21.712,21.712,21.698,21.712,21.712,21.712,21.712,21.705,21.712,21.705,21.705,21.705,21.705,21.712,21.705,21.705
"P110",21.94075,0,0,0,0,0,0,0,0,0,0,0,0,0,0,0,0,0,0,0,0,0,0,0,0,21.932,0,0,0,21.926,0,21.926,21.919
"P111",22.044,0,0,0,0,0,0,0,0,0,0,0,0,0,0,0,0,0,0,0,0,0,0,0,0,0,0,0,0,0,22.029,0,0
"P112",22.2441612903226,22.243,22.25,22.243,22.243,22.243,22.243,22.243,22.243,22.243,22.236,22.236,22.236,22.236,22.236,22.236,22.236,0,22.236,22.236,22.236,22.236,22.236,22.236,22.236,22.236,22.229,22.236,22.222,22.229,22.229,22.236,22.229
"P113",22.369,0,0,0,0,22.374,0,0,0,0,0,0,0,0,0,0,0,0,0,0,0,0,0,0,0,0,0,0,0,0,0,0,0
"P114",22.4675,0,0,0,0,0,0,22.464,0,0,0,0,0,0,0,0,0,22.484,0,0,22.429,0,0,0,0,0,0,0,0,0,0,0,22.463
"P115",22.6657692307692,0,0,22.67,0,0,22.657,0,0,22.656,22.67,0,22.663,22.657,22.663,22.65,22.656,0,0,22.663,0,0,0,0,22.663,0,22.656,0,0,0,22.636,0,0
"P116",22.866,0,0,0,0,0,0,0,0,0,0,0,0,0,0,0,0,0,0,0,22.891,0,0,0,0,22.836,0,0,0,0,0,0,22.836
"P117",22.9313333333333,0,0,0,0,0,0,0,0,0,0,0,0,0,0,0,0,0,0,0,0,0,0,0,0,0,0,22.898,22.967,0,0,0,22.884
"P118",23.06975,0,0,0,0,23.084,0,0,0,0,0,23.063,23.063,23.057,0,23.05,0,0,23.063,23.05,0,23.063,23.056,23.063,0,23.056,0,23.063,23.07,23.056,23.063,23.056,0
"P119",23.13025,0,0,0,23.112,0,0,0,0,0,0,0,0,0,0,0,0,0,0,0,23.125,0,0,0,0,0,0,23.119,0,0,0,0,23.125
"P120",23.3055384615385,0,23.298,0,0,23.305,0,23.291,23.298,0,23.305,0,23.305,0,0,0,0,0,0,0,23.325,0,23.291,23.291,0,23.298,23.291,0,0,23.298,23.291,0,0
"P121",23.3934444444444,0,0,0,0,0,0,0,0,0,0,0,0,0,0,0,0,23.346,0,0,0,0,0,0,0,23.401,23.387,23.394,23.381,23.387,23.38,23.387,23.353
"P122",23.56525,0,0,0,0,0,0,0,0,23.567,23.574,0,0,23.574,0,23.574,0,0,0,0,23.539,0,0,0,23.553,0,0,23.532,0,0,0,0,23.539
"P123",23.651,0,0,0,0,0,0,0,0,0,0,0,0,0,0,0,0,0,0,0,0,0,0,0,0,0,0,23.636,23.636,0,0,0,0
"P124",23.7381428571429,0,0,0,0,0,0,0,0,0,0,0,0,0,0,0,23.732,0,0,0,23.725,0,0,0,0,0,0,23.725,23.732,0,23.718,23.725,23.725
"P125",23.8181538461538,23.815,23.843,0,23.822,23.829,23.801,23.808,0,23.815,0,23.808,23.801,0,23.829,23.815,0,0,0,0,0,0,0,0,0,23.801,0,0,0,23.794,0,0,0
"P126",23.9499444444444,0,0,23.953,0,23.939,0,0,0,23.932,0,23.953,23.939,23.939,23.953,23.96,23.946,0,0,23.946,23.96,0,0,23.946,0,23.939,0,23.946,23.877,23.939,23.939,0,23.953
"P127",24.1601,24.16,24.153,24.167,24.166,24.153,24.167,24.153,24.16,24.16,24.153,24.153,24.153,24.153,24.16,24.16,24.153,24.153,24.153,24.153,24.153,24.146,24.146,24.153,24.146,24.139,24.153,24.153,0,24.146,24.146,24.139,0
"P128",24.398,0,0,0,0,0,24.387,24.408,0,24.38,0,24.387,0,24.394,0,0,24.401,0,0,0,0,0,0,0,0,0,0,0,0,0,0,24.373,24.394
"P129",24.5435625,24.546,24.539,24.546,24.546,24.546,24.546,24.546,24.539,24.539,24.539,24.532,24.532,24.532,24.539,24.539,24.525,24.532,24.539,24.532,24.532,24.539,24.532,24.539,24.532,24.525,24.539,24.539,24.525,24.532,24.532,24.532,24.532
"P130",24.61475,0,0,0,0,0,0,0,0,0,0,24.608,24.608,24.608,0,0,24.615,0,0,0,0,0,0,0,0,0,0,0,0,0,0,0,0
"P131",24.7282307692308,0,0,0,0,24.739,24.725,0,0,0,24.739,24.739,0,24.725,24.725,24.739,24.704,0,0,0,24.705,0,0,0,0,0,0,24.704,24.705,0,24.725,0,24.698
"P132",24.9576666666667,0,0,0,0,0,0,0,0,0,0,0,0,0,0,0,0,0,0,0,24.953,0,0,0,0,0,0,24.946,0,0,0,0,24.939
"P133",25.177,25.235,25.173,0,0,0,25.173,25.167,25.167,0,25.153,0,25.173,25.16,0,0,25.166,25.215,0,0,0,0,25.153,0,0,25.16,25.159,0,0,25.16,25.146,0,0
"P134",25.2961,0,25.304,25.298,25.297,25.29,25.298,25.291,25.291,25.29,25.291,25.291,25.291,25.291,25.291,25.291,25.291,0,25.29,25.284,25.284,25.284,25.284,25.284,25.283,25.284,25.284,25.284,25.277,25.284,25.283,25.284,25.284
"P135",25.4385714285714,0,0,0,25.435,0,0,0,0,0,0,25.435,25.435,25.435,0,25.428,25.435,0,0,0,0,0,0,0,0,0,0,0,0,0,0,25.422,0
"P136",25.5087391304348,25.518,25.518,0,0,25.518,0,25.511,0,25.518,25.504,0,0,0,25.504,0,25.504,25.504,25.49,25.497,25.497,0,25.497,25.504,25.497,25.491,25.497,25.497,25.491,25.491,25.497,25.491,25.49
"P137",25.8072580645161,25.808,25.822,25.808,25.808,25.801,25.808,25.808,25.801,25.801,25.801,25.801,25.801,25.801,25.801,25.801,25.801,25.794,25.794,25.801,25.794,25.794,25.794,25.801,25.794,25.794,25.801,25.801,25.794,25.794,25.794,25.794,0
"P138",25.8615,0,0,0,0,0,0,0,0,0,0,25.856,25.856,25.856,0,25.856,25.856,0,0,0,0,0,0,0,0,0,0,0,0,0,0,0,25.849
"P139",26.1264,0,26.132,0,0,0,26.118,26.118,0,0,0,0,0,0,0,0,0,0,0,0,0,0,0,0,0,26.111,26.118,0,0,0,0,0,0
"P140",26.20746875,26.201,26.208,26.215,26.214,26.201,26.201,26.208,26.208,26.194,26.194,26.201,26.201,26.201,26.201,26.201,26.194,26.201,26.201,26.201,26.194,26.201,26.201,26.201,26.2,26.194,26.208,26.194,26.194,26.194,26.194,26.194,26.194
"P141",26.6438823529412,0,26.656,0,0,26.656,26.642,0,0,26.621,26.628,0,26.642,26.615,0,26.649,0,0,26.635,0,0,0,0,26.635,0,26.621,26.635,26.642,26.601,26.649,26.635,26.649,0
"P142",26.836,0,0,0,0,0,0,0,0,0,0,0,0,0,0,0,0,0,0,0,0,0,0,0,0,0,0,26.821,0,0,0,0,0
"P143",27.042625,27.035,27.049,27.042,27.035,27.035,27.035,27.035,27.028,27.028,27.028,27.028,27.021,27.035,27.021,27.035,27.028,27.049,27.021,27.021,27.028,27.021,27.014,27.028,27.021,27.07,27.028,27.07,27.056,27.042,27.049,27.07,27.028
"P144",27.2465,0,0,0,0,0,0,0,0,0,0,0,0,0,0,0,0,0,0,0,0,0,0,0,0,0,0,27.235,0,0,27.228,0,0
"P145",27.4016666666667,0,27.401,0,0,0,0,0,0,0,0,27.401,0,27.421,0,0,0,0,0,0,27.387,0,0,0,0,0,0,27.38,0,0,0,0,27.38
"P146",27.5374666666667,27.545,27.539,27.539,27.538,27.538,27.539,27.539,27.532,27.532,27.532,27.525,27.532,27.532,27.532,27.532,27.525,27.525,27.531,27.525,27.532,27.532,27.531,27.525,27.531,0,27.525,0,27.518,27.525,27.524,27.525,27.524
"P147",27.6496153846154,0,0,0,0,0,0,0,27.642,0,27.642,0,0,0,0,0,27.649,0,0,0,27.628,27.642,0,0,0,27.635,27.635,27.642,27.635,27.635,27.635,27.635,27.635
"P148",27.7162962962963,27.725,27.718,27.718,27.711,27.711,27.711,27.711,27.711,27.697,27.711,27.704,27.711,27.711,27.711,27.704,27.711,27.711,27.704,27.704,0,27.704,27.711,27.711,27.71,27.704,27.704,0,27.732,27.704,0,0,0
"P149",27.802,0,0,0,0,0,0,0,0,0,0,0,0,0,0,0,0,0,0,0,0,0,0,0,0,0,0,0,0,0,0,0,27.787
"P150",27.94,0,0,0,0,0,0,0,0,0,0,0,0,0,0,0,0,0,0,0,0,0,0,0,0,0,0,0,0,0,0,0,27.925
"P151",28.0255,0,0,0,0,0,0,0,0,0,0,0,0,0,0,0,0,0,0,0,0,0,0,0,0,0,0,28.014,0,0,0,0,28.007
"P152",28.10746875,28.104,28.111,28.104,28.111,28.111,28.111,28.111,28.111,28.104,28.097,28.097,28.104,28.097,28.104,28.097,28.097,28.097,28.104,28.09,28.097,28.097,28.097,28.104,28.097,28.097,28.097,28.09,28.09,28.097,28.097,28.09,28.097
"P153",28.6513333333333,0,0,0,0,0,0,0,0,0,0,0,0,0,0,0,0,0,0,0,28.635,0,0,0,0,0,0,28.642,0,0,0,0,28.642
"P154",28.8067333333333,0,28.807,28.8,28.8,28.793,28.8,28.8,28.8,28.8,28.8,28.793,28.8,28.8,28.8,28.8,28.8,28.862,28.793,0,28.793,28.793,28.8,28.793,28.793,28.793,28.793,28.807,28.787,28.793,28.793,28.8,28.786
"P155",29.04478125,29.042,29.049,29.049,29.042,29.042,29.042,29.042,29.049,29.042,29.042,29.049,29.042,29.042,29.042,29.042,29.042,29.035,29.042,29.035,29.028,29.035,29.035,29.035,29.034,29.035,29.035,29.028,29.021,29.035,29.028,29.035,29.007
"P156",29.1511666666667,0,29.159,29.152,0,29.166,29.152,0,0,0,0,0,0,0,0,0,0,29.145,29.138,29.159,0,0,29.145,0,29.145,0,0,0,0,29.138,0,29.138,29.097
"P157",29.195,0,0,0,0,0,0,0,0,0,0,0,0,0,0,0,0,0,0,0,0,0,0,0,0,0,0,0,0,0,0,0,29.18
"P158",29.26046875,29.262,29.262,29.256,29.262,29.255,29.262,29.262,29.249,29.255,29.255,29.255,29.255,29.256,29.255,29.255,29.255,29.249,29.255,29.249,29.255,29.248,29.248,29.255,29.241,29.255,29.248,29.255,29.249,29.248,29.248,29.249,29.242
"P159",29.327,0,0,0,0,0,0,0,0,0,0,0,0,0,0,0,0,0,0,0,29.318,0,0,0,0,0,0,29.317,0,0,0,0,29.311
"P160",29.423,0,0,0,0,0,0,0,0,0,0,0,0,0,0,0,0,29.414,0,0,0,0,0,0,0,0,29.421,29.4,0,0,29.407,0,0
"P161",29.54540625,29.545,29.559,29.538,29.559,29.538,29.538,29.538,29.538,29.538,29.531,29.566,29.566,29.559,29.538,29.559,29.566,29.531,29.531,29.531,29.531,29.531,29.531,29.531,29.531,29.524,29.531,29.524,29.524,29.524,29.524,29.524,29.524
"P162",29.6466,0,29.655,0,0,29.641,0,0,0,0,0,0,0,0,0,0,0,0,0,0,29.642,0,0,0,0,0,0,29.642,0,0,0,0,29.628
"P163",29.79,0,29.793,29.786,29.8,29.779,0,29.745,0,0,0,29.793,29.793,29.793,29.78,29.8,29.793,0,0,0,0,0,0,0,0,0,0,0,0,0,0,0,0
"P164",29.9371666666667,0,29.959,0,29.931,0,29.959,0,0,0,0,29.938,29.931,29.924,0,29.938,29.917,0,0,0,29.876,0,0,0,0,0,0,29.938,0,0,0,29.931,29.924
"P165",30.1670454545455,30.165,30.207,30.173,30.172,30.166,30.173,30.159,0,30.166,30.159,30.172,30.159,30.166,30.152,30.179,30.152,0,30.172,0,30.131,30.145,0,30.152,30.131,0,30.159,0,0,0,0,0,30.145
"P166",30.2921785714286,30.29,30.317,30.283,30.29,30.29,30.297,30.29,30.262,30.29,30.29,30.276,30.276,30.269,30.283,30.31,30.262,30.29,30.297,30.283,30.283,30.269,30.276,30.283,30.282,0,30.283,0,0,30.297,30.317,0,30.276
"P167",30.3882,0,0,0,0,0,0,0,0,0,0,0,0,0,0,0,30.338,0,0,0,0,0,0,0,0,30.407,0,30.379,30.359,0,0,30.393,0
"P168",30.566,0,30.572,30.573,30.572,0,30.559,30.566,30.552,30.559,30.559,30.559,30.559,30.559,30.559,30.565,30.566,0,0,0,30.552,30.552,30.552,30.559,30.551,0,30.559,0,0,30.552,30.552,0,30.545
"P169",30.6670909090909,30.655,0,0,0,0,0,0,30.683,0,0,30.662,30.648,0,0,0,30.655,0,0,0,0,30.655,0,0,0,0,0,30.655,30.648,30.683,0,30.648,30.641
"P170",30.79534375,30.772,30.807,30.807,30.814,30.807,30.8,30.807,30.807,30.8,30.772,30.8,30.8,30.807,30.807,30.759,30.765,30.8,30.807,30.8,30.8,30.793,30.8,30.8,30.8,30.745,30.765,30.759,30.759,30.793,30.758,30.759,30.752
"P171",30.91775,0,30.924,0,0,30.91,0,0,0,0,0,0,0,0,0,0,0,30.917,0,0,0,0,0,0,30.91,0,0,0,0,0,0,0,0
"P172",31.0495,0,31.055,0,0,0,0,0,0,0,0,0,0,0,0,0,0,0,0,0,0,0,0,0,0,0,0,0,0,0,0,0,31.034
"P173",31.1813913043478,0,31.179,31.179,31.186,0,31.179,31.179,31.172,31.179,31.172,31.172,31.186,31.172,31.166,31.179,0,0,31.172,0,31.172,31.165,31.172,31.172,0,31.179,31.172,0,0,31.172,31.172,0,31.159
"P174",31.284,31.289,31.283,31.283,31.283,31.283,31.276,31.283,31.283,31.283,31.276,31.283,31.283,31.283,31.283,31.283,31.283,31.283,31.276,31.276,31.276,31.276,31.276,31.269,31.275,31.262,31.262,31.276,31.262,31.269,31.262,31.269,31.269
"P175",31.367,0,0,0,0,0,0,0,0,0,0,0,0,0,0,0,0,0,0,0,0,0,0,0,0,0,0,0,31.352,0,0,0,0
"P176",31.4916666666667,0,31.496,31.497,31.496,31.462,31.483,0,0,0,0,0,0,0,0,0,0,0,0,0,0,0,0,0,0,0,0,0,0,0,0,0,31.496
"P177",31.5196666666667,0,0,0,0,31.545,0,0,0,0,0,0,0,0,0,0,0,0,0,0,31.503,0,0,0,0,0,0,31.496,0,0,0,0,0
"P178",31.6303333333333,0,0,0,0,31.648,0,0,0,0,0,0,0,0,0,0,0,31.614,0,0,0,0,0,0,0,0,0,0,0,0,0,0,31.614
"P179",31.71846875,31.717,31.717,31.71,31.717,31.793,31.717,31.71,31.71,31.71,31.71,31.71,31.71,31.717,31.71,31.717,31.71,31.696,31.71,31.71,31.71,31.703,31.71,31.71,31.703,31.703,31.71,31.703,31.703,31.703,31.703,31.703,31.696
"P180",31.8584285714286,0,31.848,0,0,0,31.841,0,0,0,0,31.841,0,31.834,0,0,0,0,0,0,31.869,0,0,0,0,0,0,31.869,0,0,0,0,31.862
"P181",31.98,0,0,0,0,0,0,0,0,0,0,0,0,0,0,0,0,0,0,0,0,0,0,0,0,0,0,0,0,0,0,0,31.965
"P182",32.0976363636364,32.103,32.096,32.103,32.096,32.117,32.09,32.09,32.103,32.082,32.089,32.096,32.089,32.09,32.089,32.096,32.096,0,0,32.083,32.089,0,0,0,32.082,0,0,32.083,0,32.083,0,0,32.083
"P183",32.3521290322581,32.338,32.379,32.345,32.344,32.338,32.358,32.345,32.358,32.338,32.352,32.338,32.338,32.345,32.338,32.338,32.345,0,32.331,32.324,32.338,32.331,32.351,32.351,32.33,32.365,32.365,32.338,32.338,32.358,32.365,32.338,32.331
"P184",32.43025,0,0,32.427,32.427,0,0,0,0,0,0,0,0,0,0,0,0,0,0,0,0,0,0,0,32.42,0,0,0,0,0,0,0,32.407
"P185",32.522,32.524,32.531,32.524,32.517,32.517,32.524,32.517,32.524,32.517,32.51,32.517,32.517,32.517,32.517,32.517,32.517,32.51,32.51,32.517,32.517,32.51,32.517,32.517,32.517,32.503,32.51,32.51,32.496,32.51,32.517,32.51,32.496
"P186",32.6350625,32.634,32.648,32.634,32.634,32.634,32.634,32.634,32.634,32.627,32.627,32.627,32.634,32.627,32.627,32.627,32.634,32.627,32.62,32.627,32.627,32.627,32.627,32.627,32.627,32.62,32.627,32.62,32.62,32.62,32.627,32.62,32.613
"P187",32.8076086956522,32.841,0,32.834,0,32.841,0,32.834,0,0,32.814,32.772,0,32.772,0,32.779,32.772,32.827,32.813,32.827,32.834,32.82,0,32.82,0,32.772,32.772,32.772,32.765,32.765,32.772,32.772,32.8
"P188",33.03409375,33.048,33.048,33.041,33.02,33.055,33.041,33.034,33.034,33.027,32.993,33.034,33.062,33.041,33.062,33.02,33.041,33.041,33.013,33.034,33.041,33.013,33.02,33.027,33.061,32.958,33.027,33.027,32.958,33.02,33.055,32.993,32.972
"P189",33.1475714285714,0,33.151,0,33.137,0,0,0,0,0,0,33.137,33.158,33.144,0,33.137,33.144,0,0,0,0,0,0,0,0,0,0,0,0,0,0,0,0
"P190",33.419,33.42,33.42,33.42,33.413,33.427,33.42,33.42,33.413,33.413,33.406,33.413,33.42,33.42,33.42,33.413,33.413,33.413,33.406,33.406,33.413,33.406,33.406,33.406,33.42,33.4,33.406,33.406,33.4,33.406,33.413,33.4,33.4
"P191",33.5465666666667,33.551,33.551,33.558,33.544,0,33.544,33.544,33.538,33.537,33.538,33.537,33.551,33.551,33.551,33.531,33.544,33.558,33.544,33.544,33.544,33.544,33.524,33.544,33.537,33.531,33.524,0,33.531,33.524,33.51,33.531,33.517
"P192",33.6585,0,0,0,0,33.655,0,0,0,0,0,0,0,0,0,0,33.662,0,0,0,0,0,0,0,0,0,0,0,0,0,0,0,0
"P193",33.746,0,0,0,0,33.751,0,0,0,0,0,0,0,0,0,0,0,0,0,0,0,0,0,0,0,0,0,0,0,0,0,0,0
"P194",33.8315,0,0,0,0,0,0,0,0,0,0,0,0,0,0,0,0,0,0,0,0,0,0,0,0,0,0,33.827,0,0,0,0,33.806
"P195",33.9741333333333,33.979,0,33.986,0,0,33.979,33.965,33.965,33.965,33.972,33.972,33.965,33.958,33.972,0,33.965,0,0,0,0,0,0,0,0,0,0,33.958,33.958,0,0,0,33.958
"P196",34.14528,34.144,0,0,0,0,34.144,34.144,34.137,0,34.137,34.137,34.144,34.144,34.137,0,34.144,34.144,34.137,34.144,34.137,34.137,34.144,34.137,34.137,34.137,34.137,34.137,34.131,34.137,0,34.137,34.082
"P197",34.1542857142857,0,0,34.144,34.144,34.192,0,0,0,34.144,0,0,0,0,0,34.144,0,0,0,0,0,0,0,0,0,0,0,0,0,0,34.137,0,34.13
"P198",34.2606666666667,0,34.248,0,0,0,0,0,0,0,0,0,0,0,0,0,0,0,0,0,0,0,0,0,0,0,0,0,0,34.255,34.254,0,0
"P199",34.3565925925926,0,0,34.351,34.351,0,34.358,34.351,34.358,34.358,34.344,34.351,34.351,34.358,34.351,34.344,34.351,0,34.344,0,34.344,34.33,34.344,34.351,34.351,34.344,34.351,34.344,34.337,34.344,34.351,34.344,34.337
"P200",34.518,0,0,0,0,0,0,0,0,0,0,0,0,0,0,0,0,0,0,0,0,0,0,0,0,0,0,0,0,0,0,0,34.503
"P201",34.57675,34.579,34.579,34.579,34.572,34.579,34.572,34.572,34.572,34.572,34.572,34.572,34.572,34.572,34.572,34.572,34.572,34.572,34.565,34.565,34.572,34.565,34.565,34.565,34.571,34.565,34.565,34.565,34.558,34.565,34.565,34.565,34.558
"P202",34.656,0,0,0,0,34.661,0,0,0,0,0,0,0,0,0,0,0,0,0,0,0,0,0,0,0,0,0,0,0,0,0,0,0
"P203",34.76625,0,0,0,0,0,0,0,0,0,0,0,0,34.751,0,0,0,0,0,0,34.751,0,0,0,0,0,0,34.758,0,0,0,0,34.765
"P204",34.89975,0,0,0,0,0,0,0,0,0,0,0,0,0,0,0,0,0,0,0,34.875,0,0,0,0,0,34.882,34.882,0,0,0,0,34.91
"P205",35.0395333333333,0,35.048,35.034,35.041,35.041,35.027,0,35.034,35.034,35.034,35.041,35.034,35.034,35.034,35.034,35.034,35.027,35.027,35.034,35.034,35.027,35.034,35.034,35.033,35.02,35.034,35.02,35.02,35.027,35.027,35.027,35.027
"P206",35.13956,35.137,35.165,35.137,35.13,35.137,35.137,35.137,35.13,35.137,35.137,35.137,0,0,35.137,35.137,0,35.13,35.13,35.13,35.137,35.13,35.13,35.13,35.13,0,0,0,0,35.123,35.123,35.123,35.123
"P207",35.3333125,35.33,35.33,35.33,35.33,35.337,35.33,35.323,35.324,35.323,35.323,35.33,35.33,35.323,35.323,35.323,35.323,35.33,35.316,35.317,35.33,35.323,35.323,35.33,35.33,35.33,35.323,35.316,35.344,35.316,35.323,35.33,35.323
"P208",35.477,0,35.482,0,0,0,0,0,0,0,0,0,0,0,0,0,0,0,0,0,0,0,0,0,0,0,0,0,0,0,0,0,0
"P209",35.5638888888889,35.565,0,35.565,0,35.565,35.565,35.558,35.558,35.558,35.558,0,0,0,35.558,0,0,0,0,0,0,0,0,0,0,0,0,0,0,0,0,0,0
"P210",35.7355,35.737,35.758,35.737,35.73,35.737,35.737,35.737,35.73,35.73,35.73,35.737,35.737,35.737,35.73,35.73,35.73,35.723,35.723,35.73,35.73,35.723,35.723,35.723,35.73,35.71,35.723,35.723,35.71,35.716,35.723,35.716,35.716
"P211",35.84521875,35.847,35.813,35.848,35.847,35.847,35.848,35.841,35.848,35.84,35.841,35.84,35.847,35.841,35.841,35.84,35.84,35.841,35.834,35.841,35.841,35.834,35.833,35.834,35.84,35.827,35.834,35.834,35.82,35.834,35.833,35.834,35.834
"P212",35.99675,0,0,0,0,0,0,0,0,0,0,0,0,0,35.985,0,35.985,0,0,0,0,0,0,0,35.985,0,0,0,0,0,35.992,0,0
"P213",36.19396875,36.206,36.199,36.192,36.178,36.227,36.22,36.192,36.192,36.206,36.178,36.192,36.22,36.213,36.206,36.178,36.192,36.172,36.178,36.172,36.206,36.165,36.164,36.178,36.199,36.137,36.178,36.199,36.13,36.165,36.213,36.172,36.158
"P214",36.3432142857143,0,36.337,36.337,36.337,36.344,0,36.337,0,0,0,36.344,36.344,36.344,36.344,36.33,36.337,0,0,0,0,0,0,0,0,0,0,36.344,0,36.316,36.33,0,0
"P215",36.504,0,0,0,0,0,0,0,0,0,0,0,0,0,36.482,0,0,36.503,0,0,0,0,0,0,0,0,0,0,0,0,0,0,36.502
"P216",36.617125,36.613,36.634,36.613,36.62,36.62,36.62,36.613,36.613,36.613,36.613,36.613,36.62,36.62,36.613,36.606,36.606,36.606,36.613,36.606,36.613,36.606,36.606,36.606,36.606,36.606,36.599,36.606,36.592,36.599,36.606,36.599,36.599
"P217",36.8980344827586,36.895,36.896,36.896,36.888,36.902,36.896,36.889,0,36.889,36.889,36.902,36.896,36.902,36.889,36.895,36.889,36.889,36.895,36.889,36.889,36.895,36.882,36.889,0,36.875,0,36.902,36.875,36.889,36.888,36.896,36.882
"P218",37.0733333333333,37.068,0,37.068,0,37.082,37.068,37.068,37.068,37.061,37.061,0,0,0,37.068,0,0,37.054,0,0,37.096,0,0,0,37.068,0,0,0,0,0,0,0,0
"P219",37.2288181818182,37.226,0,37.213,37.233,37.233,37.227,37.22,37.213,37.22,37.213,0,0,0,37.22,0,0,0,0,37.213,0,37.22,37.226,0,37.226,37.226,37.233,37.226,37.22,37.226,37.226,37.226,37.158
"P220",37.334,37.323,37.344,37.316,37.33,37.337,37.33,37.323,37.316,37.33,37.316,37.33,37.33,37.33,37.323,37.323,37.33,37.316,37.316,37.316,37.399,37.309,37.302,37.316,37.323,0,0,37.392,0,0,37.337,37.309,37.316
"P221",37.456,0,0,0,0,37.461,0,0,0,0,0,0,0,0,0,0,0,0,0,0,0,0,0,0,0,0,0,0,0,0,0,0,0
"P222",37.61996875,37.619,37.626,37.62,37.613,37.619,37.62,37.613,37.613,37.619,37.613,37.62,37.613,37.613,37.613,37.613,37.613,37.613,37.613,37.613,37.613,37.613,37.612,37.613,37.612,37.606,37.606,37.606,37.599,37.606,37.612,37.606,37.606
"P223",37.882,0,0,0,0,0,0,0,0,0,0,0,0,0,0,0,0,0,0,0,37.875,0,0,0,0,0,0,37.868,0,0,0,0,37.868
"P224",37.995,0,0,0,0,0,0,0,0,0,0,0,0,0,37.985,0,0,0,0,0,37.985,0,0,0,0,0,0,37.999,0,0,0,0,37.971
"P225",38.097275862069,0,0,38.095,0,38.109,38.102,38.088,38.089,38.102,38.095,38.054,38.061,38.054,38.102,38.054,38.054,38.095,38.088,38.102,38.102,38.102,38.095,38.095,38.102,38.088,38.095,38.088,38.095,38.095,38.102,38.088,38.095
"P226",38.2138333333333,0,38.254,0,38.206,0,0,0,0,38.199,0,38.199,0,0,38.199,38.206,0,0,0,0,0,0,0,0,0,0,0,0,0,0,0,0,0
"P227",38.2874,38.281,0,38.288,38.281,38.288,38.282,38.282,38.282,38.281,38.288,38.281,38.282,38.282,38.282,38.281,38.288,38.282,38.281,38.275,38.282,38.275,38.274,38.281,38.281,38.275,38.274,38.268,0,38.275,38.281,38.268,38.281
"P228",38.3816666666667,0,0,0,38.337,0,0,0,0,0,0,0,0,0,0,0,0,0,38.378,0,0,0,0,0,0,0,0,38.378,38.371,0,0,38.385,38.371
"P229",38.5399166666667,38.536,38.537,38.53,0,38.537,38.537,38.53,38.537,38.53,38.53,38.53,0,0,38.53,0,0,0,0,0,38.585,0,0,0,0,0,0,0,0,0,0,0,0
"P230",38.707875,38.709,38.709,38.702,38.709,38.709,38.716,38.709,38.709,38.702,38.709,38.702,38.702,38.702,38.702,38.702,38.702,38.695,38.695,38.695,38.702,38.695,38.695,38.695,38.702,38.695,38.695,38.695,38.688,38.695,38.695,38.695,38.695
"P231",38.81571875,38.819,38.785,38.806,38.812,38.819,38.826,38.806,38.819,38.819,38.812,38.806,38.812,38.813,38.806,38.812,38.812,38.806,38.805,38.806,38.812,38.806,38.805,38.812,38.812,38.792,38.805,38.806,38.792,38.806,38.812,38.806,38.806
"P232",38.945,0,0,0,0,38.95,0,0,0,0,0,0,0,0,0,0,0,0,0,0,0,0,0,0,0,0,0,0,0,0,0,0,0
"P233",39.10271875,39.109,39.102,39.109,39.081,39.123,39.13,39.095,39.116,39.13,39.095,39.081,39.095,39.116,39.102,39.095,39.088,39.061,39.088,39.075,39.102,39.068,39.081,39.095,39.081,39.095,39.081,39.088,39.088,39.074,39.109,39.123,39.081
"P234",39.293,0,0,0,0,39.295,0,0,0,0,0,39.281,39.295,39.295,0,39.288,39.288,0,0,0,0,0,0,0,0,0,0,0,0,0,0,0,39.274
"P235",39.37565,39.378,39.378,39.378,39.371,39.371,39.371,39.378,39.371,0,39.371,0,0,0,39.364,39.364,0,39.371,39.371,39.364,39.371,39.371,39.364,39.371,39.364,0,0,0,0,0,0,0,39.371
"P236",39.52053125,39.516,39.516,39.516,39.516,39.523,39.516,39.516,39.516,39.523,39.509,39.516,39.516,39.523,39.516,39.516,39.516,39.509,39.516,39.516,39.509,39.509,39.509,39.509,39.508,39.509,39.509,39.509,39.509,39.502,39.516,39.509,39.509
"P237",39.7223333333333,0,0,0,0,39.723,0,0,0,0,0,0,0,39.716,39.723,0,0,0,0,0,0,0,0,0,0,0,0,0,0,0,0,0,0
"P238",39.876,0,0,0,0,0,0,0,0,0,0,0,0,0,0,0,0,0,0,0,0,0,0,0,0,0,0,39.861,0,0,0,0,0
"P239",39.9651111111111,39.964,0,39.95,0,0,39.95,39.964,39.957,0,0,0,0,0,39.964,0,0,0,0,0,39.971,0,0,39.936,0,0,0,0,0,0,0,0,39.985
"P240",40.1761875,40.171,40.185,40.192,40.184,40.178,40.185,40.171,40.171,40.178,40.171,40.178,40.178,40.178,40.171,40.178,40.178,40.164,40.15,40.157,40.157,40.157,40.164,40.157,40.15,40.164,40.157,40.164,40.164,40.157,40.164,40.171,40.164
"P241",40.255,0,0,0,0,40.26,0,0,0,0,0,0,0,0,0,0,0,0,0,0,0,0,0,0,0,0,0,0,0,0,0,0,0
"P242",40.373,0,0,0,0,40.378,0,0,0,0,0,0,0,0,0,0,0,0,0,0,0,0,0,0,0,0,0,0,0,0,0,0,0
"P243",40.44865625,40.453,40.447,40.447,40.447,40.44,40.447,40.44,40.447,40.447,40.44,40.44,40.447,40.44,40.447,40.44,40.44,40.44,40.44,40.44,40.44,40.44,40.44,40.44,40.439,40.44,40.44,40.44,40.433,40.433,40.44,40.44,40.433
"P244",40.5515,0,0,0,0,0,0,0,0,0,0,40.543,40.55,0,0,0,0,0,0,0,0,0,0,0,0,0,0,0,0,0,0,0,0
"P245",40.6585,0,0,0,0,0,0,0,0,0,0,0,0,0,0,0,0,0,0,40.681,40.633,0,0,0,0,0,0,40.64,0,0,0,0,40.64
"P246",40.746,0,0,0,0,0,0,0,0,0,0,0,0,0,0,0,0,40.736,0,0,0,0,0,0,0,0,0,0,0,0,0,0,40.736
"P247",40.87115625,40.874,40.874,40.874,40.867,40.867,40.867,40.874,40.881,40.867,40.867,40.867,40.867,40.874,40.867,40.86,40.86,40.867,40.853,40.86,40.86,40.86,40.86,40.853,40.86,40.86,40.867,40.853,40.854,40.86,40.86,40.86,40.853
"P248",40.9605,0,0,0,0,40.964,0,0,0,0,0,0,0,0,40.957,0,0,0,0,0,0,0,0,0,0,0,0,0,0,0,0,0,0
"P249",41.10975,41.108,41.109,41.116,41.102,41.109,41.109,41.109,41.102,41.109,41.109,41.109,41.109,41.109,41.102,41.109,41.109,41.102,41.102,41.095,41.095,41.102,41.095,41.095,41.094,41.088,41.095,41.102,41.095,41.095,41.101,41.102,41.095
"P250",41.212,0,0,0,0,0,41.205,0,0,0,0,0,0,41.205,0,0,0,0,0,0,0,0,0,0,0,41.198,0,41.191,41.198,0,0,41.205,0
"P251",41.3155517241379,41.357,41.295,41.357,41.315,41.35,41.357,41.35,41.357,41.35,41.302,41.288,41.295,41.295,41.35,41.295,41.295,41.295,41.288,41.295,41.295,41.288,41.288,41.295,41.281,0,41.295,0,0,41.281,41.281,41.288,41.288
"P252",41.4848571428571,41.481,0,41.481,41.474,41.481,41.488,41.481,41.481,41.481,41.474,0,41.481,41.474,41.474,41.481,41.474,41.467,41.474,41.474,41.522,41.474,41.474,41.474,41.474,0,41.474,41.474,41.474,41.474,41.467,41.474,0
"P253",41.534625,0,41.536,0,0,0,0,0,0,0,0,41.529,41.529,0,0,0,0,0,0,0,0,0,0,0,0,41.522,0,41.515,41.522,0,0,41.529,41.515
"P254",41.81390625,41.819,41.812,41.833,41.798,41.826,41.805,41.812,41.826,41.812,41.798,41.798,41.798,41.798,41.812,41.798,41.812,41.791,41.798,41.805,41.798,41.798,41.819,41.805,41.791,41.798,41.798,41.798,41.805,41.798,41.812,41.846,41.798
"P255",42.048,0,0,0,0,42.053,0,0,0,0,0,0,0,0,0,0,0,0,0,0,0,0,0,0,0,0,0,0,0,0,0,0,0
"P256",42.19971875,42.198,42.205,42.205,42.191,42.191,42.198,42.198,42.191,42.191,42.191,42.191,42.198,42.191,42.198,42.191,42.191,42.191,42.191,42.191,42.191,42.184,42.198,42.191,42.191,42.191,42.184,42.191,42.191,42.184,42.191,42.191,42.191
"P257",42.38212,42.377,42.377,42.384,42.37,42.377,42.377,42.377,42.384,42.377,42.384,42.364,42.364,42.357,42.377,42.364,42.364,42.371,0,42.357,42.419,0,42.37,42.363,42.37,0,0,42.412,0,0,42.37,0,42.412
"P258",42.5823333333333,0,0,42.584,0,0,0,0,0,0,42.591,0,0,0,0,0,0,0,0,0,0,0,0,42.557,0,0,0,0,0,0,0,0,0
"P259",42.677,0,0,0,0,0,0,0,0,0,0,0,0,0,0,0,0,42.674,0,0,0,0,0,0,0,0,0,0,0,0,0,0,42.66
"P260",42.80175,0,42.819,0,0,0,42.798,0,42.798,0,42.777,0,0,0,42.798,0,0,42.784,42.805,42.798,42.791,42.784,42.791,42.791,42.791,42.777,42.784,42.798,42.791,42.791,0,42.798,42.791
"P261",42.9743076923077,0,42.984,0,42.977,42.991,42.984,0,0,42.977,42.977,42.977,42.97,42.977,42.97,42.97,42.97,0,0,0,0,0,0,0,0,0,0,0,0,0,42.887,0,0
"P262",43.0931428571429,43.094,0,43.095,43.087,43.094,43.088,43.095,43.088,43.088,43.088,0,0,0,43.088,43.081,43.081,43.088,43.087,43.088,43.088,43.081,43.081,43.088,43.08,43.074,43.081,43.081,43.074,43.081,43.08,43.081,43.088
"P263",43.4797222222222,0,43.494,0,0,0,43.453,0,0,0,0,43.481,43.481,43.481,43.474,43.453,43.481,43.488,0,43.488,0,0,43.48,43.481,43.46,43.46,0,43.481,0,43.453,43.439,43.467,0
"P264",43.6185,0,0,0,0,43.625,0,0,0,0,0,0,0,0,43.612,0,0,0,0,0,0,0,0,0,0,0,0,0,0,0,0,0,0
"P265",43.7559444444444,43.756,0,0,0,43.749,43.75,43.75,43.743,43.749,43.75,0,0,43.757,43.75,43.756,43.743,0,43.743,43.756,0,0,43.756,43.756,0,43.743,0,0,43.75,0,0,43.75,0
"P266",43.852,0,43.853,43.86,43.853,43.853,43.853,43.846,43.853,43.839,43.86,43.86,43.846,43.853,43.853,43.846,43.846,43.839,43.839,43.839,43.839,43.839,43.846,43.839,43.839,43.839,43.832,43.832,43.839,43.839,43.832,43.839,43.832
"P267",44.0561290322581,44.046,44.053,44.046,44.032,44.039,44.046,44.046,44.046,44.046,44.039,44.032,44.025,44.031,44.039,44.025,44.03,44.081,44.067,44.094,44.039,0,44.067,44.08,44.087,44.046,44.067,44.039,44.046,44.046,44.039,44.067,44.039
"P268",44.1372413793103,44.136,44.15,44.143,44.129,44.129,44.136,44.136,44.136,44.136,44.129,44.136,44.129,44.129,44.136,44.122,44.129,0,44.129,0,44.129,44.094,44.136,44.129,0,44.129,44.122,44.122,44.122,44.122,44.122,44.156,44.122
"P269",44.248,0,44.253,0,0,0,0,0,0,0,0,0,0,0,0,0,0,0,0,0,0,0,0,0,0,0,0,0,0,0,0,0,0
"P270",44.363375,44.37,44.37,44.384,44.349,44.384,44.356,44.356,44.356,44.349,44.35,44.356,44.356,44.35,44.363,44.349,44.363,44.35,44.349,44.356,44.35,44.349,44.356,44.356,44.349,44.349,44.349,44.349,44.343,44.349,44.363,44.377,44.343
"P271",44.465,0,0,0,0,0,44.453,0,0,0,0,0,0,44.467,0,0,0,0,0,0,0,0,0,0,0,0,0,0,0,0,0,0,0
"P272",44.6285,0,0,0,0,44.639,0,0,0,0,0,0,44.618,0,0,0,0,0,0,0,0,0,0,0,0,0,0,0,0,0,0,0,0
"P273",44.7213888888889,0,44.722,44.722,44.715,0,44.722,0,44.722,0,0,44.722,44.715,44.715,44.715,0,44.715,0,0,0,0,0,44.708,0,0,44.708,44.701,44.701,44.708,44.708,44.708,44.708,0
"P274",44.7903888888889,44.791,0,0,0,44.798,0,44.784,0,44.77,44.777,44.804,44.805,44.791,0,44.784,0,44.777,44.77,44.777,44.777,44.777,0,44.77,44.763,0,44.832,0,0,0,0,0,44.77
"P275",45.01925,0,45.053,0,45.053,0,44.998,44.984,45.053,44.97,0,45.046,45.053,45.053,44.977,45.053,45.046,0,44.984,0,44.956,45.046,44.977,0,45.046,44.97,44.956,44.963,45.032,45.039,44.977,44.977,0
"P276",45.124,0,0,0,0,45.129,0,0,0,0,0,0,0,0,0,0,0,0,0,0,0,0,0,0,0,0,0,0,0,0,0,0,0
"P277",45.3090322580645,45.308,45.322,45.308,45.294,0,45.294,45.308,45.308,45.308,45.28,45.322,45.315,45.315,45.315,45.315,45.308,45.28,45.294,45.315,45.294,45.301,45.294,45.308,45.294,45.287,45.287,45.294,45.287,45.294,45.301,45.301,45.294
"P278",45.439,0,0,0,0,45.411,0,0,0,0,0,0,0,45.467,0,0,0,0,0,0,0,0,0,0,0,0,0,0,0,0,0,0,0
"P279",45.5510666666667,45.563,45.549,45.563,45.535,45.549,45.536,45.556,45.529,45.522,45.515,45.542,45.536,45.536,45.522,45.535,45.529,45.542,45.542,45.549,45.577,0,45.549,45.542,45.563,45.542,45.549,45.577,0,45.529,45.528,45.549,45.577
"P280",45.7509375,45.749,45.756,45.749,45.742,45.749,45.749,45.742,45.742,45.742,45.742,45.742,45.749,45.749,45.742,45.749,45.749,45.742,45.742,45.749,45.742,45.735,45.742,45.749,45.742,45.742,45.735,45.742,45.735,45.735,45.742,45.749,45.735
"P281",45.9105,0,45.915,0,0,45.859,45.963,0,0,0,0,45.901,45.901,45.894,0,45.901,45.894,0,0,0,45.922,0,0,0,0,0,0,0,0,0,0,0,45.915
"P282",46.11,0,0,0,0,46.115,0,0,0,0,0,0,0,0,0,0,0,0,0,0,0,0,0,0,0,0,0,0,0,0,0,0,0
"P283",46.23940625,46.239,46.246,46.239,46.239,46.239,46.232,46.232,46.232,46.232,46.232,46.239,46.239,46.239,46.232,46.232,46.239,46.225,46.232,46.225,46.232,46.225,46.232,46.232,46.232,46.225,46.232,46.225,46.225,46.225,46.225,46.232,46.225
"P284",46.392,0,0,0,0,0,0,0,0,0,0,0,0,0,0,0,0,0,0,0,0,0,0,0,0,0,0,0,0,0,0,0,46.377
"P285",46.50334375,46.494,46.515,46.501,46.501,46.494,46.501,46.501,46.494,46.494,46.494,46.508,46.501,46.501,46.494,46.487,46.494,46.494,46.494,46.494,46.494,46.494,46.501,46.494,46.5,46.487,46.494,46.487,46.487,46.487,46.494,46.522,46.48
"P286",46.610875,0,46.618,0,46.604,46.611,0,0,0,0,0,46.611,46.611,46.604,0,46.604,46.604,0,0,0,0,0,0,0,0,0,0,0,0,0,0,0,0
"P287",46.7550322580645,46.756,46.749,46.763,46.756,46.77,46.749,46.749,46.756,46.749,46.749,46.749,46.742,46.749,46.756,46.749,46.749,46.742,46.742,46.742,46.756,0,46.742,46.742,46.742,46.742,46.742,46.742,46.728,46.742,46.742,46.756,46.749
"P288",46.84875,0,0,0,0,0,0,0,0,0,0,0,46.846,0,0,0,0,0,0,46.859,0,0,0,0,0,0,0,0,0,0,0,46.839,46.811
"P289",46.9214761904762,0,46.935,0,46.928,46.928,46.922,46.915,46.908,46.914,46.908,46.928,46.921,46.922,46.915,46.921,46.921,0,46.901,0,0,46.908,0,0,46.9,46.894,0,46.908,46.894,0,0,46.915,0
"P290",47.068,0,0,0,0,47.073,0,0,0,0,0,0,0,0,0,0,0,0,0,0,0,0,0,0,0,0,0,0,0,0,0,0,0
"P291",47.13934375,47.149,47.142,47.142,47.142,47.142,47.135,47.135,47.128,47.128,47.128,47.149,47.135,47.149,47.142,47.142,47.135,47.121,47.135,47.135,47.121,47.128,47.128,47.128,47.121,47.121,47.121,47.128,47.121,47.121,47.121,47.135,47.121
"P292",47.269,0,0,0,47.259,47.294,0,0,0,0,0,47.266,0,0,0,0,47.259,0,0,47.252,0,0,0,0,0,0,0,0,0,0,0,0,0
"P293",47.3736470588235,0,47.377,47.377,0,0,0,0,0,0,0,47.363,0,0,0,0,0,47.363,47.349,47.363,47.37,0,47.376,47.356,0,47.37,47.349,47.349,47.363,47.356,47.356,47.37,47.39
"P294",47.5707407407407,0,47.59,0,0,47.549,47.57,0,47.563,47.57,47.57,47.563,47.57,47.57,47.563,47.604,47.563,47.549,47.542,47.556,47.57,47.57,47.563,47.563,47.555,47.556,47.556,47.563,47.549,47.549,47.549,47.57,0
"P295",47.76325,0,0,0,0,47.804,0,0,0,0,47.763,0,0,0,0,0,0,0,0,0,0,0,0,0,47.762,0,0,0,0,0,0,0,47.694
"P296",47.9018214285714,47.9,47.928,47.901,47.921,47.9,47.894,47.894,0,47.907,47.88,47.921,47.921,47.914,47.901,47.914,47.914,47.88,47.88,47.88,47.901,47.88,47.88,47.887,47.88,0,47.873,47.901,0,47.873,47.859,0,47.887
"P297",48.265,0,0,0,0,0,0,0,0,0,0,0,0,0,0,0,0,0,0,48.232,48.287,0,48.245,0,0,0,0,0,0,0,0,0,48.266
"P298",48.4975806451613,0,48.494,48.501,48.493,48.493,48.494,48.501,48.501,48.494,48.494,48.494,48.494,48.487,48.494,48.494,48.487,48.487,48.487,48.487,48.487,48.487,48.493,48.487,48.486,48.48,48.487,48.487,48.473,48.487,48.486,48.487,48.487
"P299",48.594875,0,48.59,0,48.59,0,0,0,0,0,0,48.583,48.583,48.583,0,48.576,48.583,0,0,0,0,0,0,0,0,0,0,0,0,0,0,0,48.631
"P300",48.7211666666667,0,48.721,48.701,0,48.735,48.701,48.707,48.714,48.7,48.707,48.721,48.721,48.721,48.707,48.721,48.714,48.701,48.707,48.707,48.763,48.714,48.707,48.707,48.714,48.694,48.7,48.756,48.694,48.694,48.7,48.7,48.756
"P301",48.8351666666667,0,0,0,48.831,0,0,0,0,0,0,48.831,48.832,48.832,0,48.824,48.831,0,0,0,0,0,0,0,0,0,0,0,0,0,0,0,0
"P302",48.9868,49.004,49.007,49.011,48.976,49.024,49.011,49.011,48.942,48.956,48.969,49.038,49.038,49.038,48.969,49.031,49.024,48.969,48.921,49.004,48.956,48.914,48.914,48.955,0,0,0,0,0,48.942,0,48.921,0
"P303",49.17,0,0,0,0,49.162,0,0,0,0,0,0,0,0,0,0,0,0,0,0,49.176,0,0,0,0,0,0,49.176,0,0,49.142,49.135,49.169
"P304",49.3311578947368,49.328,49.335,0,0,49.335,0,49.328,0,49.328,49.335,49.342,0,49.335,49.328,49.321,0,49.328,49.314,49.307,49.328,49.328,49.321,49.321,49.314,0,0,0,0,0,0,0,49.321
"P305",49.5850833333333,0,49.59,0,49.569,0,49.576,0,49.59,0,0,49.576,49.59,49.583,0,49.583,0,0,0,0,0,0,0,49.583,0,0,0,0,49.556,0,49.583,49.562,0
"P306",49.7035,0,0,0,0,49.707,0,0,0,0,0,0,0,0,49.7,0,0,0,0,0,0,0,0,0,0,0,0,0,0,0,0,0,0
"P307",49.8076153846154,0,49.873,0,0,0,0,0,0,0,0,0,0,0,0,0,49.804,0,49.783,49.79,0,49.811,49.797,49.79,49.79,0,49.769,49.79,49.79,49.797,0,49.79,0
"P308",50.0393,0,50.038,0,50.038,0,0,0,0,50.038,50.045,50.038,50.038,50.038,0,50.031,50.031,0,0,0,50.018,0,0,0,0,0,0,0,0,0,0,0,0
"P309",50.180625,50.176,50.19,0,50.183,0,50.19,0,0,50.19,50.169,50.176,50.183,50.176,50.176,50.183,50.183,50.162,0,50.169,50.155,0,0,50.169,0,0,0,0,0,0,0,0,0
"P310",50.3072,0,0,0,0,0,0,0,0,0,0,0,0,0,0,0,0,0,0,50.266,50.328,50.259,0,0,0,0,0,50.307,0,0,0,0,50.321
"P311",50.505,0,0,0,0,0,0,0,0,0,0,0,0,0,0,0,0,0,0,50.48,0,0,0,0,0,0,0,0,0,50.5,0,50.5,0
"P312",50.6655,0,0,0,0,0,0,0,0,0,0,0,0,0,0,0,0,0,0,50.645,0,0,0,0,0,0,0,0,0,0,0,0,50.666
"P313",50.83,0,0,0,0,0,0,0,0,0,0,0,0,0,0,0,0,0,0,50.81,0,50.81,50.845,0,0,0,0,0,0,0,0,0,0
"P314",50.9204545454545,0,50.893,0,0,0,0,50.942,0,0,50.935,0,0,0,0,0,0,50.935,50.907,0,50.921,0,0,50.934,50.886,0,0,50.9,0,0,0,50.866,50.921
"P315",51.191,0,0,0,51.203,0,0,0,0,0,0,0,0,0,0,0,0,0,0,51.169,0,0,0,0,0,0,0,0,0,0,0,0,0
"P316",51.363,0,0,0,0,0,0,0,0,0,0,0,0,0,0,0,0,0,0,0,0,0,0,0,0,0,0,0,0,0,0,0,51.348
"P317",51.5683333333333,51.555,0,51.576,0,0,51.569,0,0,0,0,0,0,0,0,0,0,0,0,0,0,0,0,0,0,0,0,0,0,0,0,0,0
"P318",52.108,0,0,0,0,0,0,0,0,0,0,0,0,0,0,0,0,0,0,0,0,0,0,0,0,0,0,0,0,0,0,0,52.093
"P319",52.33471875,52.341,52.348,52.341,52.348,52.334,52.341,52.341,52.341,52.314,52.341,52.327,52.341,52.328,52.334,52.334,52.327,52.314,52.32,52.321,52.3,52.327,52.327,52.327,52.32,52.321,52.32,52.314,52.321,52.314,52.32,52.334,52.3
"P320",52.62175,0,0,0,0,52.658,0,0,0,0,0,0,0,0,52.61,0,0,0,0,0,0,0,52.603,0,0,0,0,0,0,0,0,52.596,0
"P321",52.746,0,0,0,0,0,52.741,0,0,0,0,0,0,0,0,0,0,0,0,0,0,0,0,0,0,0,0,0,0,0,0,0,0
"P322",52.9065,0,0,0,0,0,0,0,0,0,0,0,0,0,0,0,0,52.9,0,0,0,0,0,0,0,0,0,0,0,0,0,0,52.893
"P323",53.3368333333333,0,0,0,0,0,0,0,0,53.389,0,53.307,53.334,53.334,0,53.307,53.32,0,0,0,0,0,0,0,0,0,0,0,0,0,0,0,0
"P324",54.6835,0,0,0,0,0,0,0,0,0,0,54.658,0,0,0,54.699,0,0,0,0,0,0,0,0,0,0,0,0,0,0,0,0,0
"P325",55.0146666666667,55.065,0,0,54.961,55.023,0,0,0,0,0,0,0,0,0,0,0,0,0,0,0,0,0,0,0,0,0,0,0,0,0,0,0
"P326",55.504,0,0,0,0,0,0,0,0,0,55.499,0,0,0,0,0,0,0,0,0,0,0,0,0,0,0,0,0,0,0,0,0,0
"P327",55.7871428571429,0,0,55.782,0,0,55.803,55.796,55.81,55.796,55.796,55.789,55.796,55.796,0,55.768,55.796,0,0,0,55.782,0,55.768,55.768,0,55.768,55.775,55.741,55.741,55.768,55.768,0,55.748
"P328",56.1596923076923,0,56.175,0,56.168,56.189,56.161,0,56.141,0,56.168,56.175,0,56.182,56.161,56.168,56.168,56.148,56.147,56.148,56.141,56.147,56.134,56.14,56.14,56.134,56.127,56.141,56.127,56.141,56.127,56.154,0
"P329",56.3195,0,0,0,0,0,0,0,0,0,0,0,56.306,0,0,0,0,0,0,0,0,0,0,0,0,0,0,0,0,0,0,0,56.313
"P330",56.595,0,0,0,0,0,0,0,0,56.602,0,0,0,0,0,0,0,0,0,0,0,0,0,0,0,0,0,0,0,0,0,56.568,0
"P331",56.713,0,56.741,0,0,56.72,56.685,0,0,0,0,0,0,0,56.706,0,0,0,0,0,0,0,0,0,0,0,0,0,0,0,0,0,0
"P332",57.676,0,0,0,0,0,0,0,0,0,0,57.671,0,0,0,0,0,0,0,0,0,0,0,0,0,0,0,0,0,0,0,0,0
