"","mean_RT","NM_202","NM_203","NM_204","NM_205","NM_206","NM_207","NM_208","NM_209","NM_210","NM_211","NM_222","NM_223","NM_224","NM_225","NM_226","NM_227","NM_228","NM_229","NM_230","NM_231","NM_242","NM_243","NM_244","NM_245","NM_246","NM_247","NM_248","NM_249","NM_250","NM_251","NM_262","NM_263","NM_264","NM_265","NM_266","NM_267","NM_268","NM_269","NM_270","NM_271"
"P1",4.14045,4.156,4.156,4.156,4.156,4.156,4.156,4.156,4.156,4.122,4.122,4.121,4.122,4.122,4.122,4.115,4.122,4.122,4.156,4.156,4.115,4.149,4.115,4.115,4.122,4.156,4.115,4.115,4.156,4.115,4.156,4.115,4.115,4.156,4.156,4.115,4.156,4.149,4.156,4.149,4.122
"P2",4.15925,0,0,0,0,0,0,0,0,0,0,0,4.156,0,0,0,0,0,0,0,4.156,0,4.156,0,0,0,4.149,0,0,4.156,0,4.156,0,0,0,4.149,0,0,0,0,4.156
"P3",4.36041935483871,4.384,4.383,4.377,4.37,4.377,4.384,4.384,4.377,4.342,0,4.349,4.342,4.349,4.342,4.349,4.342,4.342,0,0,4.349,4.377,0,4.342,4.342,4.377,4.377,4.342,0,4.342,4.342,4.329,4.335,0,4.342,4.335,4.384,4.37,0,0,0
"P4",4.527,0,0,0,0,0,0,0,0,0,0,0,0,0,0,0,0,0,0,0,0,0,0,0,0,0,0,0,0,0,0,0,0,4.522,0,0,0,0,0,0,0
"P5",4.85,0,0,0,0,0,0,0,0,0,0,0,0,0,0,0,0,0,0,4.845,0,0,0,0,0,0,0,0,0,0,0,0,0,0,0,0,0,0,0,0,0
"P6",4.992,0,0,0,0,0,0,0,0,0,0,0,0,0,0,0,0,4.984,0,0,0,0,0,0,0,4.99,0,0,0,0,0,0,0,0,0,0,0,0,0,0,0
"P7",5.07345,5.066,5.08,5.066,5.073,5.073,5.08,5.066,5.073,5.066,5.073,5.066,5.073,5.073,5.073,5.073,5.073,5.066,5.066,5.073,5.066,5.066,5.073,5.073,5.073,5.066,5.073,5.06,5.059,5.066,5.066,5.08,5.073,5.073,5.066,5.066,5.066,5.066,5.066,5.073,5.066
"P8",5.66873684210526,0,5.666,0,5.632,5.652,0,0,5.666,0,0,0,0,5.645,5.666,5.625,5.646,5.68,5.632,5.666,5.721,5.646,5.639,0,0,0,0,0,0,0,0,5.708,5.666,5.756,5.652,5.687,0,0,0,0,0
"P9",5.768,0,0,0,0,0,0,0,0,0,0,5.763,0,0,0,0,0,0,0,0,0,0,0,0,0,0,0,0,5.763,0,0,0,0,0,0,0,0,0,0,0,0
"P10",6.2465,0,0,0,0,0,0,0,0,0,0,0,0,0,0,0,0,0,0,6.245,0,0,0,0,0,0,0,0,6.238,0,0,0,0,0,0,0,0,0,0,0,0
"P11",6.58505882352941,6.597,0,0,6.59,0,0,6.577,0,6.583,6.583,6.556,0,6.576,0,0,6.57,0,0,6.576,0,0,6.583,6.59,6.59,0,0,6.577,6.556,6.583,6.604,0,0,6.59,0,0,0,0,0,0,0
"P12",6.725125,0,0,0,6.763,0,6.687,0,0,0,0,0,0,0,6.701,6.728,0,0,6.749,0,0,0,0,0,0,6.659,6.742,0,0,0,0,0,0,0,0,6.742,0,0,0,0,0
"P13",7.10213636363636,0,7.107,7.101,7.094,0,0,0,7.107,7.094,7.107,7.086,0,7.1,7.094,0,7.101,7.094,7.093,7.128,7.087,0,7.087,0,0,7.121,7.093,0,7.08,7.094,0,7.087,0,0,7.128,7.094,0,0,0,0,0
"P14",7.28284615384615,7.293,0,0,0,0,0,7.287,7.287,0,7.28,7.266,0,7.28,0,0,7.28,0,0,7.28,0,0,7.28,0,0,0,0,7.287,7.266,7.28,0,0,0,7.266,0,0,0,0,0,0,0
"P15",7.35848717948718,7.356,7.355,7.356,7.356,7.356,7.355,7.356,7.356,7.363,7.356,0,7.356,7.356,7.363,7.349,7.356,7.356,7.356,7.355,7.362,7.349,7.356,7.356,7.349,7.349,7.355,7.349,7.349,7.356,7.356,7.363,7.356,7.356,7.349,7.356,7.349,7.349,7.356,7.348,7.356
"P16",7.619,0,0,0,0,0,0,0,0,0,0,7.624,0,0,0,0,0,0,0,0,0,0,0,0,0,0,0,0,0,0,0,0,0,7.604,0,0,0,0,0,0,0
"P17",7.73546153846154,0,7.734,7.728,7.735,7.749,0,7.742,7.742,0,0,0,0,0,0,0,0,7.721,0,7.748,7.749,7.707,7.721,0,0,0,0,0,0,0,0,0,7.728,0,0,7.742,0,0,0,0,0
"P18",8.34242857142857,0,8.334,8.356,8.342,0,0,0,0,0,0,0,0,0,0,8.314,0,0,8.314,0,0,0,0,0,0,0,0,0,0,0,0,8.39,0,0,0,0,0,0,0,0,8.342
"P19",8.54,0,0,0,0,0,0,0,0,0,0,0,0,0,0,0,0,0,0,0,0,0,0,0,0,0,0,0,0,0,0,0,0,8.535,0,0,0,0,0,0,0
"P20",8.70032258064516,8.728,0,8.686,0,8.686,8.693,8.7,8.68,8.7,8.686,8.686,8.693,8.7,8.687,0,8.742,8.7,8.693,8.679,8.686,8.693,8.693,8.707,8.728,8.7,8.707,8.693,8.686,8.721,8.687,8.68,8.679,0,0,8.7,0,0,8.686,0,0
"P21",8.905,0,0,0,0,0,0,0,0,0,0,0,0,0,0,0,0,0,0,0,0,0,0,0,0,0,0,0,0,0,0,0,0,8.9,0,0,0,0,0,0,0
"P22",9.09320512820513,9.1,9.086,9.086,9.093,9.086,9.086,9.093,9.086,9.079,9.093,0,9.093,9.114,9.1,9.086,9.093,9.08,9.086,9.086,9.093,9.08,9.093,9.093,9.08,9.093,9.093,9.1,9.086,9.086,9.093,9.086,9.086,9.121,9.079,9.093,9.086,9.079,9.086,9.079,9.079
"P23",9.188,0,0,0,0,0,0,0,0,0,0,9.183,0,0,0,0,0,0,0,0,0,0,0,0,0,0,0,0,0,0,0,0,0,0,0,0,0,0,0,0,0
"P24",9.52436363636364,9.521,0,9.528,0,9.528,9.541,0,9.521,9.521,9.521,9.514,9.521,9.507,0,9.528,0,0,9.534,9.521,0,0,9.528,9.514,9.514,9.507,9.534,9.521,9.514,9.514,0,0,0,9.514,0,0,0,0,0,0,0
"P25",9.7292962962963,9.728,9.734,9.735,9.728,9.728,9.721,9.714,9.728,9.728,0,9.721,0,0,0,9.728,0,9.728,0,9.727,9.714,9.728,9.728,9.721,9.728,9.728,9.727,9.721,9.721,9.721,0,0,9.734,0,0,9.721,0,9.741,0,0,9.735
"P26",9.905675,9.9,9.9,9.907,9.9,9.9,9.907,9.907,9.907,9.914,9.907,9.9,9.907,9.907,9.9,9.9,9.907,9.9,9.9,9.907,9.907,9.9,9.9,9.9,9.9,9.893,9.907,9.9,9.9,9.9,9.907,9.9,9.9,9.893,9.893,9.907,9.9,9.9,9.9,9.9,9.893
"P27",10.0895714285714,0,0,10.086,0,0,0,0,0,0,0,10.086,0,0,0,0,10.086,0,0,10.086,0,0,0,0,0,0,0,10.079,10.086,10.093,0,0,0,0,0,0,0,0,0,0,0
"P28",10.291,0,0,0,0,0,0,0,0,0,0,0,0,0,0,0,0,0,0,0,0,0,0,0,0,0,0,0,0,0,0,0,0,10.286,0,0,0,0,0,0,0
"P29",10.5474,0,0,0,0,0,0,0,0,10.555,0,10.534,0,0,0,0,0,0,0,0,0,10.548,0,0,0,10.541,0,0,10.534,0,0,0,0,0,0,0,0,0,0,0,0
"P30",10.636,0,0,0,0,0,0,0,0,0,0,0,0,0,0,0,0,0,0,0,0,0,0,0,0,0,0,0,0,0,0,10.631,0,0,0,0,0,0,0,0,0
"P31",10.8398888888889,10.845,0,0,10.817,0,0,10.845,0,0,0,10.831,0,0,0,0,0,10.838,0,0,0,0,0,0,0,0,0,10.824,10.851,0,10.845,10.838,0,0,0,0,0,0,0,0,0
"P32",10.932,0,0,0,0,0,0,0,0,0,0,0,0,0,0,10.927,0,0,0,0,0,0,0,0,0,0,0,0,0,0,0,0,0,0,0,0,0,0,0,0,0
"P33",11.036,0,0,0,0,0,0,0,0,0,0,11.031,0,0,0,0,0,0,0,0,0,0,0,0,0,0,0,0,0,0,0,0,0,0,0,0,0,0,0,0,0
"P34",11.1869166666667,11.182,11.203,0,11.19,0,0,11.203,11.141,11.203,11.196,11.182,11.203,11.169,11.141,0,11.196,11.183,11.189,11.196,0,0,11.162,11.196,0,11.196,0,11.169,11.196,11.141,11.19,11.196,0,11.183,0,0,0,0,0,0,0
"P35",11.35225,11.341,0,0,11.341,11.376,0,11.348,11.348,11.355,0,11.341,0,0,0,0,0,0,0,0,0,0,11.341,0,11.348,11.355,11.355,11.341,11.334,11.355,0,0,11.348,0,0,0,11.369,0,0,0,0
"P36",11.5963888888889,0,11.596,11.589,11.576,11.596,11.589,11.624,11.596,11.576,11.617,11.548,11.589,11.589,11.59,11.596,11.555,11.589,11.582,11.596,11.596,11.596,11.555,11.596,0,0,0,11.617,11.617,11.617,11.617,11.59,11.589,11.603,11.596,11.589,11.596,11.589,11.589,11.589,11.596
"P37",11.6145,11.617,0,0,0,0,0,0,0,0,0,11.617,0,0,0,0,11.617,0,0,0,0,0,0,0,11.603,11.61,11.603,0,0,0,0,0,0,0,0,0,0,0,0,0,0
"P38",11.775875,0,0,11.769,11.769,11.775,0,0,11.782,11.776,11.782,0,11.769,0,0,11.775,0,0,11.769,11.782,0,0,0,11.762,11.776,11.775,11.762,0,11.775,11.776,0,0,0,0,0,0,0,0,0,0,0
"P39",11.8563333333333,0,0,0,0,0,0,0,0,0,0,0,0,11.844,0,0,0,11.858,0,0,0,0,0,0,0,0,0,11.852,0,0,0,0,0,0,0,0,0,0,0,0,0
"P40",12.186,0,0,0,0,0,0,0,12.189,0,0,12.182,0,0,0,0,0,0,12.182,0,0,0,0,0,0,0,0,0,0,0,0,0,0,0,0,0,0,0,0,0,0
"P41",12.2902068965517,12.286,12.299,0,0,12.286,12.286,12.286,12.286,12.313,12.293,0,12.293,0,12.279,12.286,0,12.293,12.286,12.292,12.286,12.286,12.293,12.279,12.286,12.286,12.286,0,12.279,12.286,12.279,0,12.279,12.265,12.279,0,0,12.286,0,12.292,0
"P42",12.36725,0,0,0,12.369,0,0,12.369,0,0,0,12.361,0,12.382,0,0,12.362,0,0,0,0,0,12.355,0,0,0,0,12.355,12.355,0,0,0,0,0,0,0,0,0,0,0,0
"P43",12.51325,0,0,0,0,0,0,0,0,0,0,0,0,0,0,0,0,0,0,0,0,12.5,0,12.5,0,12.499,0,0,0,0,0,0,0,12.534,0,0,0,0,0,0,0
"P44",12.7156666666667,0,0,0,0,0,0,0,0,0,0,12.754,0,0,0,0,0,0,0,0,0,0,0,0,0,0,0,0,12.658,0,0,0,0,12.72,0,0,0,0,0,0,0
"P45",12.87,0,0,0,0,0,0,0,0,0,0,0,0,0,0,0,0,0,0,0,0,0,0,0,0,0,0,0,12.865,0,0,0,0,0,0,0,0,0,0,0,0
"P46",12.9662564102564,12.955,12.954,12.948,12.982,12.968,12.948,12.962,12.948,12.941,12.982,13.017,12.955,12.975,12.948,12.948,12.948,13.051,12.934,12.961,12.955,12.941,12.948,12.941,12.941,12.948,12.948,13.024,12.948,12.962,13.017,12.989,12.968,12.969,12.962,12.982,12.941,12.941,12.948,12.941,0
"P47",13.1246052631579,13.12,13.12,13.127,13.12,13.12,13.12,13.127,13.127,13.127,13.12,13.12,13.127,13.12,13.12,13.127,13.127,0,13.12,13.127,13.12,13.12,13.12,13.127,13.113,13.12,13.12,13.113,13.12,13.12,13.113,13.12,13.113,13.12,13.113,0,13.12,13.113,13.12,13.134,13.12
"P48",13.201,0,0,0,0,0,0,0,0,0,0,0,0,0,0,0,0,0,0,0,0,0,0,0,0,0,0,0,0,0,0,0,0,13.196,0,0,0,0,0,0,0
"P49",13.298,0,0,0,0,0,0,0,0,0,0,0,0,0,0,0,0,0,0,0,0,0,0,0,0,0,0,0,0,0,0,0,0,13.293,0,0,0,0,0,0,0
"P50",13.47,0,0,0,0,0,0,0,0,0,0,0,0,0,0,0,0,0,0,0,0,0,0,0,0,0,0,13.465,0,0,0,0,0,0,0,0,0,0,0,0,0
"P51",13.6165,0,0,0,0,0,0,0,13.644,0,0,0,0,0,0,0,0,0,0,0,0,0,0,0,0,0,0,0,0,0,0,0,0,13.589,0,0,0,0,0,0,0
"P52",13.7311764705882,0,13.72,0,13.713,0,13.768,13.755,0,0,13.72,13.727,0,13.727,13.72,13.727,13.734,13.741,0,0,0,0,0,0,0,0,0,13.72,0,0,13.72,13.713,13.72,0,13.72,13.72,0,0,0,0,0
"P53",13.8525,0,0,0,0,0,0,0,0,0,0,0,0,0,0,0,0,0,0,13.865,0,0,0,0,0,0,0,0,0,0,0,0,0,13.83,0,0,0,0,0,0,0
"P54",13.9374285714286,13.961,0,0,13.927,0,0,13.934,0,0,0,0,0,0,0,13.927,0,0,0,0,0,13.927,13.934,0,13.934,13.927,0,13.927,13.941,0,0,0,0,0,13.92,13.934,13.961,13.92,0,0,0
"P55",14.06035,14.051,14.058,14.072,14.044,14.058,14.058,14.058,14.065,14.058,14.065,14.065,14.072,14.058,14.058,14.051,14.058,14.058,14.051,14.058,14.065,14.051,14.051,14.051,14.044,14.058,14.058,14.058,14.058,14.051,14.051,14.051,14.051,14.079,14.051,14.058,14.058,14.044,14.058,14.058,14.044
"P56",14.203,0,0,0,0,14.21,0,0,0,0,0,0,0,0,0,0,0,0,0,0,0,0,0,0,0,0,0,0,0,0,0,0,0,14.196,0,0,0,0,0,0,0
"P57",14.6047878787879,14.61,14.602,14.603,14.603,14.603,14.603,14.603,14.603,14.61,14.603,14.602,14.603,14.603,14.603,14.603,14.603,14.603,14.603,14.602,14.603,14.596,14.603,14.596,14.603,14.596,14.602,14.596,14.603,14.603,14.596,14.603,14.603,14.582,0,0,0,0,0,0,0
"P58",14.697,0,0,0,0,0,0,0,0,0,0,0,0,0,0,0,0,0,0,0,0,0,0,0,0,0,0,0,0,0,0,0,0,14.692,0,0,0,0,0,0,0
"P59",14.7989230769231,14.796,14.802,14.796,14.803,14.803,14.796,14.796,14.796,14.796,14.803,14.789,14.796,14.803,14.796,14.796,14.796,14.796,14.796,14.789,14.796,14.789,14.796,14.803,14.796,14.796,14.802,14.789,14.789,14.796,14.782,14.789,14.782,14.796,14.796,14.803,14.803,14.789,14.782,14.795,0
"P60",14.973,0,0,0,0,0,0,0,0,0,0,0,0,0,0,0,0,0,0,0,0,0,0,0,0,0,0,0,0,0,0,0,0,14.968,0,0,0,0,0,0,0
"P61",15.0501388888889,0,15.044,15.092,15.044,15.058,0,15.106,15.051,0,15.051,15.099,15.037,0,15.044,15.051,15.051,15.044,15.044,15.044,15.044,15.037,15.044,15.037,15.03,15.037,15.044,15.037,15.037,15.037,15.044,15.051,15.03,15.044,15.03,15.037,15.044,15.037,15.044,15.03,15.03
"P62",15.206,0,0,0,15.223,0,0,0,0,0,0,0,0,0,0,0,0,0,0,0,0,0,0,0,0,0,0,0,0,0,0,0,0,15.189,0,0,0,0,0,0,0
"P63",15.2847777777778,0,0,0,0,15.278,15.278,0,15.292,0,0,0,0,0,0,0,0,0,0,0,0,0,15.278,0,0,0,0,0,0,0,15.299,0,0,15.265,15.278,15.285,0,15.285,0,0,0
"P64",15.372,0,15.375,15.41,0,0,0,0,0,15.368,0,0,0,0,0,0,0,0,15.375,0,0,15.361,0,15.361,15.354,0,15.375,15.347,15.368,0,0,0,0,0,0,0,0,15.368,0,15.361,15.368
"P65",15.5283333333333,0,0,0,15.582,0,0,0,0,0,0,0,0,0,0,15.499,0,0,0,0,0,0,0,0,0,0,0,0,0,0,0,0,0,15.499,0,0,0,0,0,0,0
"P66",15.69,0,0,0,0,0,0,0,0,0,0,0,0,0,0,0,0,0,0,0,0,0,0,0,0,0,0,0,0,0,0,0,0,15.685,0,0,0,0,0,0,0
"P67",15.966,0,0,0,0,0,0,0,0,0,0,15.961,0,0,0,0,0,0,0,0,0,0,0,0,0,0,0,0,0,0,0,0,0,0,0,0,0,0,0,0,0
"P68",16.1335714285714,0,16.133,16.134,16.134,16.133,16.133,0,16.14,0,16.133,0,0,16.133,16.134,16.133,16.134,16.134,16.126,0,16.14,16.127,16.14,16.127,16.127,16.133,16.133,16.127,16.126,16.127,0,16.12,16.14,16.092,0,16.12,0,0,16.127,0,0
"P69",16.2200666666667,16.209,0,0,0,0,0,16.209,0,16.216,0,0,0,0,0,0,0,16.23,0,0,0,16.223,16.196,0,16.23,16.223,16.23,16.189,16.189,0,16.216,16.216,0,0,16.23,0,0,0,0,16.23,0
"P70",16.3055714285714,0,16.299,0,0,0,0,0,0,0,0,16.299,0,0,0,0,0,16.32,0,0,0,0,0,0,0,0,0,16.306,16.306,0,16.313,0,0,16.271,0,0,0,0,0,0,0
"P71",16.4569375,16.457,0,16.43,16.444,0,0,16.444,0,16.444,0,16.437,0,0,0,16.444,16.451,16.506,0,0,0,0,16.43,0,16.423,0,0,16.423,16.513,16.437,0,16.527,0,16.451,0,0,0,0,0,0,0
"P72",16.647125,0,0,16.671,0,16.644,0,0,0,0,0,0,16.651,0,0,16.671,0,0,16.657,0,16.644,16.651,0,0,16.651,16.637,16.637,0,16.644,0,16.637,0,0,16.596,16.63,0,16.637,0,0,16.636,0
"P73",16.676,0,0,0,0,0,0,0,0,0,0,0,0,0,0,0,0,0,0,0,0,0,0,0,0,0,0,0,0,0,0,0,0,16.671,0,0,0,0,0,0,0
"P74",16.7520869565217,16.754,16.761,0,16.74,0,16.747,0,16.747,16.754,16.761,16.754,0,16.761,16.754,0,16.747,16.754,0,0,0,16.747,16.74,16.74,16.747,16.74,16.747,16.747,16.747,16.747,16.74,0,0,16.747,0,0,0,0,0,0,0
"P75",16.8143333333333,0,0,0,0,0,0,16.802,0,0,0,0,0,0,0,0,0,0,0,0,0,0,0,0,0,0,0,16.796,0,0,0,0,0,16.83,0,0,0,0,0,0,0
"P76",16.8985,0,16.898,0,0,0,0,0,0,0,0,0,0,16.899,0,0,0,0,0,0,0,0,0,0,0,0,0,0,0,0,0,0,0,0,0,0,0,0,0,0,0
"P77",17.0343,0,0,0,0,0,0,0,0,0,17.037,0,0,0,0,0,0,0,17.023,0,0,17.037,17.03,17.03,0,0,0,17.037,17.03,0,0,17.023,0,17.03,0,0,0,0,0,17.016,0
"P78",17.1136111111111,0,0,17.106,17.12,17.113,17.106,0,17.113,17.12,0,0,17.106,17.106,0,17.112,0,0,0,17.099,17.113,17.126,0,17.113,17.113,17.112,17.112,0,17.099,0,0,0,0,17.106,0,0,0,0,0,0,0
"P79",17.212575,17.209,17.209,17.209,17.209,17.216,17.216,17.216,17.216,17.209,17.209,17.209,17.209,17.209,17.216,17.209,17.202,17.209,17.209,17.209,17.202,17.209,17.209,17.209,17.209,17.209,17.209,17.202,17.209,17.209,17.209,17.209,17.202,17.237,17.202,17.202,17.202,17.209,17.202,17.202,17.202
"P80",17.3435384615385,17.34,17.347,17.34,17.347,17.347,17.347,17.347,17.347,17.34,17.347,17.34,17.34,17.34,17.34,17.347,17.34,17.34,17.347,17.34,17.333,17.34,17.333,17.34,17.34,17.34,17.34,17.333,17.333,17.34,17.333,17.333,17.333,0,17.333,17.347,17.34,17.333,17.326,17.34,17.34
"P81",17.47175,0,0,0,0,0,0,0,0,0,0,0,0,0,0,0,17.457,0,0,0,0,17.478,0,0,0,17.471,17.478,0,17.471,0,0,0,17.471,17.444,17.464,0,0,0,0,0,0
"P82",17.599475,17.602,17.602,17.602,17.602,17.602,17.602,17.602,17.602,17.602,17.595,17.595,17.595,17.595,17.595,17.595,17.595,17.595,17.595,17.595,17.595,17.595,17.602,17.595,17.595,17.595,17.595,17.595,17.595,17.595,17.595,17.588,17.595,17.554,17.595,17.595,17.595,17.595,17.595,17.602,17.595
"P83",17.7622222222222,17.768,17.754,17.754,17.754,17.754,17.754,17.754,17.761,17.781,17.761,17.754,17.754,17.761,17.754,17.761,17.761,17.754,17.761,17.754,17.754,17.754,17.768,17.761,17.754,17.754,17.761,17.754,17.747,17.768,17.754,17.754,0,17.795,17.761,17.754,0,17.754,17.754,0,0
"P84",17.862,0,0,0,0,0,0,0,0,0,0,0,0,0,0,0,0,0,0,0,0,0,0,0,0,0,0,0,0,0,0,0,0,0,0,0,17.85,17.843,0,17.878,0
"P85",17.987,0,0,0,0,0,0,0,0,0,0,0,0,0,0,0,0,0,0,0,0,0,0,0,0,0,0,0,0,0,0,0,0,17.982,0,0,0,0,0,0,0
"P86",18.172125,18.174,0,0,0,18.168,18.154,18.182,18.168,18.168,18.168,18.195,18.181,18.167,18.182,18.174,18.161,18.147,18.161,0,0,0,0,18.161,18.154,18.161,0,18.188,18.174,18.161,0,0,0,18.099,0,18.181,0,0,18.202,0,0
"P87",18.249,0,0,0,0,0,0,0,0,0,0,0,0,0,0,0,0,0,0,0,0,0,0,0,0,0,0,0,0,0,0,0,0,18.244,0,0,0,0,0,0,0
"P88",18.331,0,0,0,0,0,0,0,0,0,0,0,0,0,0,0,0,0,0,0,0,0,0,0,0,0,0,0,0,0,18.312,0,0,18.34,0,0,0,0,0,0,0
"P89",18.4486666666667,0,0,0,0,0,18.423,18.416,0,0,0,0,0,0,0,0,0,0,0,0,0,0,0,0,0,0,0,0,0,0,0,0,0,18.492,0,0,0,0,0,0,0
"P90",18.614,0,0,0,0,0,0,0,0,0,0,0,0,0,0,0,0,0,0,0,0,0,0,0,0,0,0,0,0,0,0,0,0,18.609,0,0,0,0,0,0,0
"P91",18.7688648648649,18.754,18.808,18.747,18.74,18.733,18.76,0,18.788,18.747,18.795,18.76,18.747,18.767,18.844,18.74,0,18.802,18.829,18.753,0,18.747,18.836,18.747,18.74,18.747,18.74,18.802,18.74,18.816,18.74,18.747,18.74,18.761,18.733,18.816,18.747,18.74,18.767,18.746,18.747
"P92",18.88725,0,0,0,18.885,0,0,0,0,0,0,0,0,0,0,18.878,18.864,0,0,0,0,0,0,0,0,0,0,0,0,0,0,0,0,18.912,0,0,0,0,0,0,0
"P93",19.0303333333333,0,0,0,0,0,0,0,0,19.03,0,0,0,0,0,0,0,0,0,0,0,0,0,0,0,0,0,19.03,0,0,0,0,0,19.016,0,0,0,0,0,0,0
"P94",19.1515,0,0,0,0,0,0,0,0,0,0,19.16,0,0,0,0,0,0,0,0,0,0,0,0,0,0,0,0,0,0,0,0,0,19.133,0,0,0,0,0,0,0
"P95",19.207,0,0,0,0,0,0,0,0,0,0,0,0,0,0,0,0,0,0,0,0,0,0,0,0,0,0,0,0,0,0,0,0,19.202,0,0,0,0,0,0,0
"P96",19.34905,19.347,19.353,19.347,19.347,19.347,19.347,19.347,19.354,19.354,19.347,19.346,19.347,19.34,19.347,19.347,19.354,19.347,19.347,19.346,19.347,19.34,19.347,19.34,19.347,19.347,19.346,19.347,19.347,19.347,19.347,19.34,19.347,19.34,19.34,19.333,19.34,19.34,19.333,19.339,19.347
"P97",19.414,0,0,0,0,0,0,0,0,0,0,0,0,0,0,0,0,0,0,0,0,0,0,0,0,0,0,0,0,0,0,0,0,19.409,0,0,0,0,0,0,0
"P98",19.5133846153846,19.519,19.526,19.512,19.519,19.512,19.512,19.519,19.519,19.519,19.512,19.519,19.505,19.505,19.519,19.512,19.512,19.512,19.505,19.505,19.505,19.505,19.512,19.505,19.505,19.505,19.512,19.505,19.505,19.505,19.505,19.512,19.505,0,19.505,19.505,19.505,19.498,19.505,19.512,19.498
"P99",19.6415,0,0,0,0,0,0,0,0,0,0,0,0,0,0,0,0,0,0,0,0,0,19.671,0,0,0,0,0,0,0,0,0,0,19.602,0,0,0,0,0,0,0
"P100",19.724,0,0,0,0,0,0,0,0,0,0,0,0,0,0,0,0,0,0,0,0,0,0,0,0,0,0,0,0,0,0,0,0,19.719,0,0,0,0,0,0,0
"P101",19.81675,19.816,19.815,19.823,19.809,19.822,19.822,19.823,19.816,19.809,19.816,19.815,19.816,19.822,19.816,19.802,19.816,19.823,19.816,19.815,19.795,19.802,19.816,19.809,19.802,19.809,19.802,19.809,19.802,19.809,19.809,19.802,19.809,19.871,19.809,19.809,19.809,19.809,19.809,19.808,19.809
"P102",20.2105,0,0,0,0,0,0,0,0,0,0,0,0,0,0,0,20.216,0,20.209,0,0,0,0,0,0,0,0,20.209,0,20.209,0,0,0,20.174,0,20.216,0,0,0,0,0
"P103",20.248,0,0,0,0,0,0,0,0,0,0,0,0,0,20.257,0,0,0,0,0,0,0,20.229,0,0,0,0,0,0,0,0,0,0,20.243,0,0,0,0,0,0,0
"P104",20.4805,0,0,0,0,0,0,0,0,0,0,0,0,0,0,0,0,0,0,0,0,0,0,0,0,0,0,0,0,0,0,0,0,20.457,0,0,0,0,20.484,0,0
"P105",20.579,0,0,0,0,0,0,0,0,0,0,0,0,0,0,0,0,0,0,0,0,0,0,0,0,0,0,0,0,0,0,0,0,20.574,0,0,0,0,0,0,0
"P106",20.648,0,0,0,0,0,0,0,0,0,0,0,0,0,0,0,0,0,0,0,0,0,0,0,0,0,0,0,0,0,0,0,0,20.643,0,0,20.65,20.636,0,0,0
"P107",20.7615,0,0,0,0,0,0,0,0,0,0,0,0,0,0,0,0,0,20.76,0,0,0,0,0,0,0,0,0,0,0,0,0,0,20.753,0,0,0,0,0,0,0
"P108",20.9446666666667,0,0,0,0,0,0,20.933,0,0,0,0,0,0,0,0,0,0,0,0,0,0,0,0,20.919,0,0,0,0,0,0,0,0,20.967,0,0,0,0,0,0,0
"P109",21.062725,21.064,21.056,21.064,21.057,21.07,21.064,21.064,21.064,21.064,21.064,21.057,21.057,21.057,21.057,21.064,21.057,21.057,21.064,21.063,21.05,21.057,21.057,21.057,21.05,21.057,21.057,21.057,21.05,21.057,21.057,21.057,21.05,21.091,21.057,21.057,21.05,21.057,21.057,21.056,21.057
"P110",21.211625,21.215,21.215,21.209,21.216,21.195,21.215,21.216,21.202,21.215,21.208,21.208,21.208,21.208,21.209,21.208,21.209,21.202,21.215,21.194,21.202,21.209,21.208,21.208,21.208,21.208,21.208,21.209,21.208,21.209,21.209,21.209,21.201,21.202,21.208,21.208,21.208,21.208,21.202,21.208,21.208
"P111",21.3498571428571,21.346,0,0,0,0,0,0,0,0,0,0,0,0,0,0,0,0,0,0,0,21.346,0,0,0,21.332,0,21.34,0,0,0,0,0,21.388,21.326,0,21.346,0,0,0,0
"P112",21.441,0,0,0,0,0,0,0,0,0,0,0,0,0,0,0,0,0,0,0,0,0,0,0,0,0,0,0,0,0,0,0,0,21.436,0,0,0,0,0,0,0
"P113",21.5590952380952,21.567,0,0,21.56,0,0,21.56,0,0,21.56,21.56,21.546,21.546,0,21.567,0,21.546,0,0,0,21.56,0,0,21.553,21.553,21.546,21.56,0,21.54,0,21.553,0,21.574,21.546,21.56,21.56,21.539,0,0,0
"P114",21.7117,21.712,21.711,21.712,21.712,21.712,21.712,21.712,21.712,21.712,21.712,21.712,21.712,21.712,21.705,21.712,21.712,21.705,21.712,21.705,21.705,21.712,21.705,21.705,21.705,21.705,21.705,21.705,21.705,21.705,21.705,21.705,21.705,21.705,21.705,21.705,21.705,21.705,21.705,21.705,21.705
"P115",21.9248421052632,0,21.925,0,0,21.926,0,0,21.932,0,0,21.925,21.926,0,21.919,21.912,21.919,0,21.912,21.912,0,0,21.919,21.919,0,21.925,21.918,0,21.919,21.919,0,0,0,21.946,21.912,0,0,0,21.912,0,0
"P116",22.0495,0,0,0,0,0,0,0,0,0,0,0,0,0,0,0,0,22.036,0,0,0,0,22.029,22.029,22.029,22.036,22.036,22.036,0,22.043,0,0,0,22.07,0,0,0,0,22.091,0,0
"P117",22.2386764705882,22.243,22.236,0,22.236,0,22.236,22.236,22.243,22.236,22.236,22.236,22.229,22.236,0,22.236,22.236,22.229,22.236,22.236,22.243,22.236,0,22.229,0,22.236,22.229,22.229,22.236,0,22.229,22.229,22.229,22.236,22.229,22.229,22.229,22.229,22.229,22.236,22.257
"P118",22.365,0,0,0,0,0,0,0,0,0,0,0,0,22.36,0,0,0,0,0,0,0,0,0,0,0,0,0,0,0,22.36,0,0,0,0,0,0,0,0,0,0,0
"P119",22.65,0,0,0,0,0,0,0,0,0,0,0,0,0,0,22.636,0,22.65,0,0,0,0,0,0,0,0,0,0,0,0,0,22.65,0,0,22.643,22.636,22.643,0,22.65,22.642,0
"P120",22.82,0,0,0,0,0,0,0,0,0,0,0,0,0,0,0,0,0,0,0,0,0,0,0,0,0,0,0,0,0,0,0,0,0,0,22.815,0,0,0,0,0
"P121",22.9156666666667,0,0,22.925,22.891,0,0,0,0,0,0,0,0,0,0,0,0,0,0,0,0,22.926,0,22.912,0,0,22.925,0,0,0,0,0,0,22.905,0,0,0,0,0,0,0
"P122",23.0631111111111,0,23.056,23.112,23.043,0,0,0,23.056,0,23.056,23.056,0,0,23.057,23.063,23.05,23.063,23.056,23.056,0,23.05,23.07,0,0,0,0,0,0,23.05,0,0,0,23.063,0,23.056,0,0,23.063,0,0
"P123",23.13375,0,0,0,0,0,0,0,0,0,0,0,0,23.132,0,0,0,0,0,0,0,0,0,0,0,0,0,0,0,0,0,23.139,23.125,23.119,0,0,0,0,0,0,0
"P124",23.186,0,0,0,0,0,0,0,0,0,0,0,0,0,0,0,0,0,0,0,0,0,0,0,0,0,0,0,0,0,0,0,0,23.181,0,0,0,0,0,0,0
"P125",23.2897894736842,23.291,0,0,23.284,0,0,23.291,0,23.298,0,0,0,0,0,0,23.298,0,0,0,0,23.305,23.284,0,0,23.284,23.304,23.284,23.284,23.284,0,23.277,23.284,23.25,23.284,23.284,23.284,23.277,0,0,0
"P126",23.3954444444444,0,23.401,23.394,23.401,23.394,0,23.394,0,0,23.394,23.394,0,23.394,0,0,23.401,0,0,23.394,23.387,0,0,0,23.394,23.387,23.394,23.388,23.387,0,0,0,0,0,0,0,0,0,23.38,23.38,0
"P127",23.5622,0,0,0,0,0,0,0,0,0,0,0,0,0,0,0,0,23.567,0,0,0,0,0,0,0,0,0,23.56,0,0,0,23.567,0,23.532,0,23.56,0,0,0,0,0
"P128",23.666375,23.67,23.663,23.67,23.663,23.663,23.663,23.67,23.663,23.663,23.656,23.663,23.656,23.663,23.663,23.663,23.663,23.663,23.67,23.663,23.663,23.656,23.663,23.656,23.656,23.663,23.663,23.663,23.663,23.656,23.663,23.656,23.656,23.725,23.656,23.649,23.656,23.656,23.656,23.656,23.663
"P129",23.8041794871795,23.808,23.815,23.808,23.808,23.801,23.801,23.808,23.794,23.801,23.801,23.801,23.801,23.794,23.801,23.808,23.801,23.808,23.815,23.801,23.801,23.801,23.801,23.794,23.801,23.801,23.794,23.801,23.801,23.787,23.801,23.801,23.801,0,23.794,23.794,23.794,23.794,23.794,23.801,23.787
"P130",23.9335,0,0,0,0,0,0,0,0,0,0,0,0,0,0,0,0,0,0,0,0,0,0,0,0,0,0,0,0,0,0,0,23.911,23.946,0,0,0,0,0,0,0
"P131",24.0715,0,0,0,0,0,0,0,0,0,0,0,0,0,0,0,0,0,0,0,0,0,0,24.063,0,0,0,0,0,0,0,0,0,24.07,0,0,0,0,0,0,0
"P132",24.1538205128205,24.153,24.152,24.153,24.16,24.153,24.153,24.153,24.16,24.146,24.153,24.153,24.153,24.153,24.153,24.153,24.146,24.153,24.146,24.153,24.153,24.153,24.146,24.146,24.153,24.146,24.146,24.153,24.146,24.146,24.153,24.146,24.146,0,24.146,24.146,24.146,24.146,24.146,24.146,24.146
"P133",24.268,0,0,0,0,0,0,0,0,0,0,0,0,0,0,0,0,0,0,0,0,0,0,0,0,0,0,0,0,0,0,0,0,24.263,0,0,0,0,0,0,0
"P134",24.3791428571429,0,0,0,0,0,0,0,0,0,0,0,0,0,0,24.366,0,0,24.38,24.38,0,0,0,0,0,0,24.373,0,0,0,0,0,24.373,0,0,0,24.353,0,0,24.394,0
"P135",24.5351794871795,24.532,24.545,24.532,24.539,24.539,24.539,24.532,24.539,24.532,24.532,24.532,24.539,24.532,24.532,24.539,24.525,24.532,0,24.525,24.532,24.532,24.532,24.525,24.532,24.532,24.532,24.532,24.532,24.525,24.532,24.525,24.525,24.505,24.525,24.525,24.532,24.532,24.532,24.539,24.532
"P136",24.6025,0,0,0,0,0,0,0,0,0,0,0,0,24.594,0,0,0,0,0,0,0,0,0,0,0,0,0,0,0,24.601,0,24.601,0,0,0,24.594,0,0,0,0,0
"P137",24.7219,0,24.725,0,0,0,24.746,0,24.739,0,0,24.739,0,24.739,0,0,0,0,0,24.725,0,0,24.739,0,0,0,0,0,0,0,0,0,0,24.649,0,24.67,0,24.718,0,0,0
"P138",24.813,0,0,0,0,0,0,0,0,0,0,0,0,0,0,0,0,0,0,0,0,0,0,0,0,0,0,0,0,0,0,0,0,24.808,0,0,0,0,0,0,0
"P139",24.951,0,0,0,0,0,0,0,0,0,0,0,0,0,0,0,0,0,0,0,0,0,0,0,0,0,0,0,0,0,0,0,0,24.946,0,0,0,0,0,0,0
"P140",25.1572941176471,25.166,25.159,25.153,25.16,0,0,25.16,25.16,25.16,25.153,25.152,25.153,0,25.16,0,25.153,25.16,0,0,25.153,25.153,25.153,25.153,25.153,25.146,25.152,25.153,25.153,25.153,25.146,25.146,25.153,25.146,25.153,25.146,25.153,25.153,25.146,25.152,25.153
"P141",25.2882,25.29,25.29,25.291,25.291,25.284,25.29,25.291,25.291,25.291,25.284,25.283,25.284,25.284,25.284,25.284,25.284,25.284,25.284,25.283,25.284,25.284,25.284,25.284,25.284,25.284,25.283,25.284,25.284,25.284,25.277,25.284,25.284,25.284,25.284,25.277,25.277,25.281,25.277,25.283,25.284
"P142",25.4334285714286,0,0,0,0,25.435,0,0,25.442,0,25.422,25.428,0,25.421,0,0,0,25.429,0,0,0,0,0,0,0,0,0,0,0,0,0,25.442,0,0,0,0,0,0,0,0,0
"P143",25.554,0,0,0,0,0,0,25.546,0,0,0,0,0,0,0,0,0,0,0,0,0,0,0,0,0,0,0,0,0,0,0,0,0,0,25.552,0,0,0,0,0,0
"P144",25.675303030303,25.67,0,0,25.67,25.684,25.69,25.67,25.663,25.67,25.67,25.676,25.67,25.677,0,0,25.677,0,25.67,25.663,0,25.67,25.67,25.67,25.663,25.67,25.67,25.677,25.67,25.67,25.677,25.67,0,25.677,25.663,25.67,25.663,25.67,25.663,25.663,25.684
"P145",25.8012,25.801,25.8,25.801,25.801,25.801,25.801,25.801,25.801,25.801,25.801,25.801,25.801,25.801,25.801,25.801,25.794,25.801,25.801,25.801,25.794,25.801,25.794,25.794,25.794,25.794,25.794,25.794,25.794,25.794,25.794,25.794,25.794,25.794,25.794,25.794,25.794,25.794,25.794,25.8,25.794
"P146",25.8555714285714,0,25.856,0,0,0,0,0,0,0,25.856,0,0,0,25.856,0,25.856,25.849,25.849,0,0,0,0,0,0,0,0,0,0,0,0,0,0,0,0,25.842,0,0,0,0,0
"P147",25.9457857142857,0,0,0,0,0,0,25.953,0,25.946,0,25.938,0,0,25.939,0,0,0,0,0,0,0,25.939,0,0,0,25.932,25.939,25.945,0,0,0,25.966,25.939,25.939,0,25.932,25.939,0,25.925,0
"P148",26.199975,26.201,26.2,26.208,26.201,26.208,26.201,26.201,26.201,26.201,26.208,26.201,26.194,26.194,26.194,26.201,26.194,26.194,26.201,26.194,26.194,26.201,26.194,26.194,26.187,26.187,26.194,26.194,26.187,26.187,26.201,26.201,26.201,26.194,26.187,26.194,26.187,26.194,26.187,26.193,26.194
"P149",26.3405,0,0,0,0,0,0,0,0,0,0,0,0,26.332,0,0,0,0,0,0,0,0,0,0,0,0,0,0,0,0,0,0,0,26.339,0,0,0,0,0,0,0
"P150",26.458,0,0,0,26.463,0,0,0,0,0,0,0,0,0,0,0,0,0,0,0,0,0,0,0,0,0,0,0,0,0,0,0,0,0,0,0,0,0,0,0,0
"P151",26.6305294117647,26.628,26.614,0,26.628,0,0,26.635,0,0,26.628,26.635,0,26.635,0,26.628,0,0,26.614,0,0,0,26.628,0,0,0,26.628,26.615,26.635,0,0,0,0,26.649,26.628,26.628,0,26.608,0,0,0
"P152",26.84,0,0,0,0,0,0,0,0,0,0,0,0,0,0,0,0,0,0,0,0,0,0,0,0,0,0,0,0,0,0,0,0,26.835,0,0,0,0,0,0,0
"P153",27.034725,27.042,27.035,27.035,27.021,27.042,27.021,27.035,27.035,27.035,27.028,27.035,27.035,27.042,27.028,27.028,27.035,27.021,27.028,27.028,27.042,27.028,27.028,27.021,27.021,27.042,27.042,27.035,27.042,27.028,27.035,27.035,27.021,27.049,27.021,27.021,27.035,27.021,27.021,27.028,27.014
"P154",27.20408,0,0,27.208,27.187,27.228,0,27.201,0,27.201,27.201,0,0,0,0,0,0,27.208,0,0,0,27.194,27.194,27.201,27.173,27.2,27.193,27.201,27.2,27.201,27.194,27.201,0,27.235,27.2,27.207,27.194,27.187,27.194,0,27.194
"P155",27.2915,0,0,0,0,0,0,27.29,0,0,27.297,27.283,0,0,0,0,0,0,0,0,0,0,0,0,0,0,27.276,0,0,0,0,0,0,0,0,0,0,0,0,0,0
"P156",27.397,0,0,0,27.414,0,0,0,0,0,0,0,0,0,0,0,0,0,0,0,0,0,0,0,0,0,0,0,0,0,0,0,0,27.38,0,0,0,0,0,0,0
"P157",27.524,0,0,0,0,27.538,0,27.525,0,0,0,0,0,0,0,0,0,0,0,0,0,0,0,0,0,0,0,0,0,0,0,0,0,27.504,0,0,0,0,0,0,0
"P158",27.5888205128205,27.594,27.586,27.587,27.587,27.587,27.587,27.594,27.587,27.587,27.587,27.593,27.587,27.58,27.587,27.587,27.587,27.587,27.58,27.593,27.587,27.587,27.58,27.587,27.58,27.587,27.58,27.58,27.587,27.58,27.58,27.573,27.58,0,27.58,27.58,27.587,27.594,27.587,27.579,27.58
"P159",27.706675,27.711,27.71,27.704,27.711,27.711,27.711,27.711,27.711,27.704,27.704,27.704,27.697,27.704,27.704,27.704,27.704,27.704,27.704,27.704,27.704,27.697,27.704,27.697,27.697,27.704,27.697,27.704,27.704,27.697,27.704,27.697,27.704,27.697,27.697,27.697,27.697,27.697,27.697,27.704,27.704
"P160",27.792,0,0,0,0,0,0,0,0,0,0,0,0,0,0,0,0,0,0,0,0,0,0,0,0,0,0,0,0,0,0,0,0,27.787,0,0,0,0,0,0,0
"P161",27.918,0,0,0,0,0,0,0,0,0,0,0,0,0,0,0,0,0,0,0,0,27.897,0,0,0,0,0,0,27.89,0,0,0,0,27.952,0,0,0,0,0,0,0
"P162",28.1002,28.104,28.103,28.104,28.104,28.104,28.097,28.097,28.097,28.097,28.097,28.097,28.104,28.097,28.097,28.097,28.097,28.097,28.097,28.097,28.097,28.097,28.09,28.097,28.09,28.097,28.097,28.097,28.097,28.097,28.09,28.09,28.09,28.097,28.09,28.09,28.097,28.09,28.09,28.097,28.097
"P163",28.233,0,0,0,0,0,0,0,0,0,0,0,0,0,0,0,0,0,0,0,0,0,0,0,0,0,0,0,0,0,0,0,0,28.228,0,0,0,0,0,0,0
"P164",28.467,0,0,0,0,0,0,0,0,0,0,0,0,0,0,0,0,0,0,0,0,0,0,0,0,0,0,0,0,0,0,0,0,28.462,0,0,0,0,0,0,0
"P165",28.633,0,0,0,0,0,0,0,0,0,0,0,0,0,0,0,0,0,0,0,0,0,0,0,0,0,0,0,0,0,0,0,0,28.628,0,0,0,0,0,0,0
"P166",28.7954285714286,28.8,0,28.8,28.8,0,28.8,28.794,28.793,28.793,28.8,28.793,0,28.793,0,28.793,28.794,0,0,28.807,28.793,0,28.793,0,28.787,0,28.793,28.794,28.793,28.794,28.787,0,0,28.731,28.786,28.793,28.786,28.793,28.786,28.793,0
"P167",28.9303846153846,28.931,28.931,28.931,28.931,28.931,28.924,28.931,28.924,28.931,28.931,0,28.931,28.938,28.931,28.917,28.931,28.924,28.931,28.924,28.924,28.925,28.918,28.931,28.924,28.924,28.924,28.924,28.924,28.931,28.925,28.925,28.931,28.918,28.917,28.918,28.924,28.924,28.924,28.931,28.931
"P168",29.041225,29.048,29.041,29.042,29.042,29.042,29.041,29.042,29.042,29.042,29.042,29.041,29.042,29.042,29.042,29.035,29.042,29.035,29.035,29.034,29.042,29.035,29.035,29.035,29.035,29.035,29.035,29.035,29.035,29.035,29.035,29.035,29.035,29.035,29.035,29.028,29.035,29.035,29.028,29.034,29.035
"P169",29.147525,29.145,29.152,29.152,29.152,29.145,29.152,29.145,29.145,29.145,29.145,29.152,29.145,29.145,29.145,29.138,29.145,29.145,29.145,29.145,29.145,29.145,29.145,29.138,29.138,29.145,29.145,29.145,29.145,29.138,29.138,29.138,29.145,29.138,29.138,29.138,29.138,29.138,29.138,29.145,29.145
"P170",29.25395,29.255,29.255,29.249,29.256,29.262,29.255,29.256,29.255,29.255,29.255,29.255,29.248,29.255,29.249,29.248,29.256,29.249,29.248,29.248,29.248,29.249,29.249,29.248,29.249,29.248,29.248,29.249,29.248,29.249,29.249,29.249,29.248,29.249,29.242,29.249,29.248,29.242,29.248,29.241,29.249
"P171",29.316,0,0,0,0,0,0,0,0,0,0,0,0,0,0,0,0,0,0,0,0,0,0,0,0,0,0,0,0,0,0,0,0,29.311,0,0,0,0,0,0,0
"P172",29.4246,0,0,0,0,0,0,0,0,0,0,0,0,0,0,0,0,0,0,0,0,29.421,0,0,0,0,29.421,0,0,0,0,0,0,0,29.421,0,29.414,0,0,0,29.421
"P173",29.5439,29.538,29.558,29.538,29.538,29.538,29.535,29.538,29.559,29.538,29.552,29.559,29.538,29.579,29.559,29.531,29.566,29.552,29.559,29.531,29.524,29.531,29.552,29.531,29.531,29.531,29.531,29.545,29.531,29.545,29.531,29.531,29.531,29.524,29.538,29.538,29.531,29.531,29.531,29.531,29.531
"P174",29.6483571428571,0,0,0,0,0,0,0,29.648,0,29.642,29.648,0,29.655,29.649,0,29.655,29.642,29.641,29.634,0,0,29.642,0,0,0,0,29.642,0,29.642,0,0,0,29.642,0,29.635,0,0,0,0,0
"P175",29.7965625,0,29.793,0,0,0,0,0,29.793,0,29.793,29.786,0,29.8,29.787,0,29.793,29.786,29.793,0,0,0,29.786,0,0,0,0,29.786,0,29.786,0,29.78,0,29.855,0,29.779,0,0,29.779,0,0
"P176",29.9628518518519,0,30,0,0,29.945,0,0,29.931,0,30,0,0,0,30,0,30,30,29.993,29.938,29.938,29.938,29.993,29.945,0,29.945,29.931,29.986,29.952,29.993,29.931,0,29.931,29.986,29.931,29.979,29.931,29.924,29.924,0,29.917
"P177",30.1691363636364,0,30.207,30.152,30.145,30.145,30.165,30.145,30.193,0,30.179,0,30.159,0,30.2,30.152,0,30.179,30.2,30.152,0,0,30.186,30.138,30.145,30.138,0,30.173,0,30.173,0,0,0,0,0,30.173,0,0,30.152,0,0
"P178",30.2689487179487,30.262,30.303,30.248,30.262,30.255,30.29,30.262,30.29,30.269,30.283,30.234,30.283,30.283,30.297,30.283,30.235,30.283,30.296,30.262,30.241,30.248,30.29,30.255,30.262,30.248,30.234,30.276,30.248,30.276,30.242,30.283,30.276,0,30.255,30.276,30.241,30.269,30.255,30.248,30.241
"P179",30.36875,0,0,0,0,0,0,0,0,0,0,30.345,0,30.393,0,0,30.331,0,0,0,0,0,0,0,0,0,0,0,0,0,0,0,0,30.386,0,0,0,0,0,0,0
"P180",30.5671538461538,30.565,0,0,0,0,0,30.566,0,30.559,30.565,30.558,0,0,0,0,0,0,0,0,0,0,30.566,0,0,30.552,0,30.552,30.552,0,30.6,0,0,0,30.552,0,30.579,30.552,0,0,0
"P181",30.6527142857143,0,0,0,0,30.648,0,0,0,0,0,0,0,0,0,30.676,0,30.648,30.655,30.648,0,0,0,0,0,0,0,0,0,0,0,0,0,30.628,0,30.641,0,0,0,0,0
"P182",30.7989,30.807,30.8,30.807,30.8,30.8,30.807,30.807,30.807,30.807,30.807,30.724,30.8,30.779,30.8,30.8,30.8,30.8,30.8,30.779,30.8,30.8,30.807,30.8,30.793,30.8,30.8,30.793,30.8,30.8,30.8,30.786,30.793,30.731,30.8,30.786,30.8,30.793,30.793,30.8,30.8
"P183",30.9188076923077,0,30.917,0,0,30.917,30.924,0,30.917,0,30.917,0,0,30.917,30.917,30.917,30.917,30.917,0,0,0,30.917,30.917,30.91,30.91,30.91,30.91,30.91,30.917,30.917,0,0,30.91,0,30.91,30.917,30.91,30.91,30.91,30.917,0
"P184",31.053,0,0,0,0,0,0,0,0,0,0,31.048,0,0,0,0,0,0,0,31.048,0,0,0,0,0,0,0,0,0,0,0,0,0,31.048,0,0,0,0,0,0,0
"P185",31.1768260869565,31.172,0,31.186,31.186,31.172,0,31.172,0,31.165,31.172,31.179,31.172,31.165,0,31.186,0,0,0,31.172,31.179,0,31.165,0,31.179,31.172,31.186,31.166,31.172,0,0,0,0,0,31.172,31.165,0,31.165,0,31.172,0
"P186",31.27845,31.269,31.275,31.283,31.276,31.283,31.282,31.276,31.283,31.276,31.276,31.276,31.276,31.283,31.276,31.276,31.276,31.276,31.276,31.276,31.276,31.276,31.269,31.276,31.276,31.276,31.276,31.269,31.269,31.269,31.269,31.276,31.276,31.276,31.269,31.269,31.269,31.262,31.269,31.275,31.276
"P187",31.405,0,0,0,0,0,0,0,0,0,0,0,0,0,0,0,0,0,0,0,0,0,0,0,0,0,0,0,0,0,0,0,0,31.4,0,0,0,0,0,0,0
"P188",31.4986,0,0,0,0,0,0,0,0,0,0,0,0,0,0,0,0,0,0,31.489,31.503,31.483,0,0,0,0,0,0,0,0,0,0,0,31.51,0,31.483,0,0,0,0,0
"P189",31.71025,31.71,31.71,31.71,31.71,31.71,31.71,31.71,31.71,31.717,31.71,31.703,31.71,31.71,31.703,31.703,31.703,31.703,31.703,31.71,31.703,31.703,31.703,31.703,31.703,31.703,31.71,31.71,31.71,31.703,31.703,31.696,31.703,31.738,31.71,31.696,31.703,31.703,31.696,31.703,31.703
"P190",31.8425,0,0,0,0,0,0,0,0,0,0,0,0,0,0,0,0,0,0,31.813,0,0,0,0,0,0,0,0,0,0,0,0,0,31.862,0,0,0,0,0,0,0
"P191",31.936,0,0,0,0,0,0,0,0,0,0,0,0,0,0,0,0,0,0,0,0,0,0,0,0,0,0,0,0,0,0,0,0,0,0,0,0,31.931,0,0,0
"P192",32.0856,0,0,0,0,0,0,32.09,32.083,0,0,0,0,0,0,0,32.076,32.089,0,0,0,0,32.076,0,0,0,0,0,32.089,0,32.076,32.069,0,32.076,0,0,0,0,32.082,0,0
"P193",32.281,0,0,0,0,0,0,0,0,0,0,0,0,0,0,0,0,0,0,0,0,0,0,0,0,0,0,0,0,0,0,0,0,32.276,0,0,0,0,0,0,0
"P194",32.3413548387097,0,32.337,32.338,32.358,32.338,32.337,0,32.345,0,32.344,0,0,32.344,32.324,32.344,32.345,32.324,32.324,32.33,32.331,32.324,0,32.324,32.324,32.338,32.331,0,32.365,32.358,32.345,32.324,32.331,32.338,0,32.345,32.365,0,32.338,32.33,32.324
"P195",32.4213513513514,32.413,32.427,32.427,32.427,32.427,32.427,32.393,32.434,32.393,32.42,32.406,32.42,32.42,32.427,32.427,32.42,32.42,32.42,32.42,32.42,32.42,32.42,32.42,32.42,32.42,32.42,32.4,0,0,32.42,32.414,32.42,32.434,32.386,0,32.427,32.4,32.413,32.413,32.42
"P196",32.520025,32.531,32.517,32.517,32.517,32.524,32.517,32.524,32.524,32.524,32.517,32.524,32.51,32.517,32.517,32.517,32.51,32.509,32.51,32.503,32.51,32.517,32.531,32.524,32.517,32.517,32.51,32.524,32.524,32.51,32.503,32.503,32.51,32.51,32.524,32.51,32.524,32.524,32.51,32.51,32.51
"P197",32.63285,32.634,32.634,32.634,32.627,32.641,32.634,32.634,32.634,32.634,32.634,32.634,32.62,32.627,32.627,32.634,32.627,32.62,32.62,32.62,32.62,32.627,32.641,32.634,32.634,32.627,32.627,32.634,32.641,32.627,32.62,32.62,32.627,32.627,32.627,32.627,32.627,32.634,32.62,32.627,32.627
"P198",32.767175,32.772,32.758,32.765,32.765,32.772,32.772,32.772,32.772,32.772,32.772,32.758,32.758,32.751,32.772,32.772,32.758,32.751,32.758,32.758,32.758,32.765,32.772,32.765,32.765,32.758,32.765,32.765,32.765,32.765,32.758,32.758,32.758,32.772,32.765,32.758,32.758,32.765,32.758,32.758,32.758
"P199",32.867,0,0,0,0,0,0,0,0,0,0,0,0,0,0,0,0,0,0,0,0,0,0,0,0,0,0,0,0,0,0,0,0,32.862,0,0,0,0,0,0,0
"P200",33.040225,33.013,33.027,33.048,33.02,33.096,33.027,33.007,33.02,33.048,33.055,33.02,32.993,33.068,33.041,33.068,33.02,33.034,33.02,33.006,32.986,33.062,33.062,33.089,33.055,33.055,33.048,33.034,33.068,33.027,33.007,33.014,33.055,33.048,33.062,33.007,33.055,33.055,33.013,33.006,33.02
"P201",33.1418421052632,0,33.137,0,33.138,0,33.137,0,33.138,0,33.151,33.137,33.124,33.165,33.145,0,33.138,33.138,33.13,33.123,0,0,33.151,0,0,0,0,33.144,0,33.138,0,0,0,33.138,0,33.124,0,0,33.124,0,0
"P202",33.2322941176471,33.227,0,33.234,33.227,0,33.22,33.22,0,33.234,0,0,0,0,0,0,0,0,0,0,0,0,0,0,0,33.227,33.227,33.227,33.234,0,33.213,0,0,33.276,33.234,0,33.227,33.234,0,33.22,33.213
"P203",33.4152,33.406,33.42,33.42,33.407,33.434,33.413,33.413,33.406,33.42,33.406,33.413,33.4,33.413,33.407,33.42,33.413,33.413,33.406,33.406,33.4,33.413,33.413,33.427,33.413,33.413,33.413,33.413,33.413,33.407,33.4,33.4,33.413,33.42,33.42,33.406,33.413,33.413,33.4,33.406,33.406
"P204",33.5424,33.544,33.544,33.551,33.551,33.551,33.53,33.538,33.537,33.537,33.544,33.53,33.544,33.537,33.538,33.537,33.538,33.538,33.537,33.537,33.537,33.544,33.517,33.544,33.537,33.544,33.544,33.531,33.544,33.531,33.544,33.538,33.537,33.551,33.537,33.531,33.537,33.517,33.537,33.544,33.537
"P205",33.6485454545455,0,0,33.641,0,33.668,0,0,0,0,0,0,0,0,0,33.648,0,0,0,0,33.627,33.648,0,33.648,33.648,33.641,0,0,33.648,0,0,0,33.648,33.634,0,0,0,0,0,0,0
"P206",33.8045,0,0,0,0,0,0,0,0,0,0,0,0,0,0,0,0,0,0,0,0,0,0,0,0,0,0,0,33.806,0,0,0,0,33.793,0,0,0,0,0,0,0
"P207",33.9739473684211,0,0,33.91,33.972,0,33.979,0,0,0,0,0,0,0,0,0,0,0,0,0,0,33.972,33.979,33.965,33.979,33.979,0,0,33.972,0,0,33.965,33.972,33.965,33.979,33.972,33.972,33.972,33.972,33.965,33.979
"P208",34.14015,34.144,34.144,34.144,34.137,34.144,34.137,34.144,34.144,34.137,34.144,34.137,34.13,34.144,34.138,34.137,34.137,34.144,34.137,34.13,34.13,34.137,34.144,34.144,34.137,34.137,34.137,34.137,34.137,34.137,34.131,34.131,34.137,34.103,34.13,34.13,34.13,34.137,34.13,34.137,34.13
"P209",34.2652222222222,34.261,34.275,0,34.262,34.261,34.268,34.262,34.268,0,34.268,34.268,34.255,34.275,34.269,34.254,34.275,34.268,34.268,34.254,0,34.255,34.268,34.261,34.255,34.261,34.254,34.262,34.254,34.268,34.248,34.248,34.254,34.255,34.261,34.261,34.255,34.255,34.261,34.261,0
"P210",34.3520357142857,34.351,0,34.358,34.344,0,34.358,34.358,0,34.351,34.351,34.358,0,0,34.351,0,34.337,0,0,0,34.351,0,34.344,0,0,34.344,34.337,34.344,34.344,34.337,34.344,34.365,34.344,34.344,34.344,34.344,34.344,34.344,34.344,34.344,34.358
"P211",34.425,0,0,0,0,0,0,0,0,0,0,34.413,0,0,0,0,0,0,0,0,0,0,0,0,34.42,0,34.427,0,0,0,0,0,0,0,0,0,0,0,0,0,0
"P212",34.569925,34.572,34.571,34.572,34.572,34.579,34.572,34.572,34.572,34.572,34.572,34.572,34.565,34.565,34.565,34.572,34.565,34.565,34.572,34.565,34.565,34.565,34.565,34.565,34.565,34.565,34.565,34.565,34.565,34.565,34.565,34.558,34.565,34.537,34.565,34.558,34.565,34.565,34.558,34.564,34.565
"P213",34.7577,0,34.737,0,0,0,0,0,0,0,0,34.806,0,34.737,34.744,0,34.751,34.758,34.751,34.758,0,0,0,0,0,0,0,0,0,0,0,0,0,34.737,0,34.758,0,0,0,0,0
"P214",34.9403333333333,0,0,34.889,0,0,0,0,0,0,34.944,34.937,0,34.958,34.951,0,34.951,0,0,0,0,0,0,0,0,0,0,0,0,34.937,0,0,0,34.917,0,34.944,0,0,0,0,0
"P215",35.0354871794872,35.034,35.04,35.041,35.027,35.034,35.04,35.027,35.048,35.034,35.041,35.034,35.027,35.034,35.034,35.034,35.041,35.034,35.034,35.027,35.027,35.027,35.034,35.027,35.027,35.027,35.027,35.034,35.027,35.034,35.02,35.027,35.027,0,35.027,35.041,35.027,35.034,35.034,35.026,35.02
"P216",35.1680666666667,0,35.178,0,0,35.13,0,35.13,35.179,0,35.172,0,35.116,35.172,35.165,0,35.179,0,35.172,35.199,0,0,0,0,0,0,0,35.165,0,35.172,0,0,0,0,0,35.172,0,0,35.165,0,0
"P217",35.3514642857143,35.358,0,35.344,35.344,35.358,35.344,35.358,0,35.351,0,35.351,35.351,0,0,35.351,0,0,0,35.344,35.344,35.344,35.351,35.351,35.351,35.351,35.337,35.358,35.344,0,0,35.344,35.358,35.344,35.351,0,35.351,35.351,35.31,0,35.337
"P218",35.4675625,0,35.468,0,0,0,0,0,35.461,0,35.468,35.461,0,35.461,35.461,0,35.461,35.461,35.461,0,0,0,35.468,35.475,0,0,0,35.454,35.482,35.461,0,0,0,0,0,35.454,0,0,35.454,0,0
"P219",35.5571666666667,0,35.557,0,0,35.565,35.558,0,0,0,0,0,35.551,0,0,0,0,35.558,35.558,0,35.544,35.558,0,0,35.544,35.558,35.551,0,0,0,0,35.544,35.551,35.551,0,35.551,0,35.558,0,35.551,35.551
"P220",35.659,0,0,0,0,0,0,0,0,0,0,0,0,0,0,0,0,0,0,0,0,0,0,0,0,0,0,0,0,0,0,0,35.654,0,0,0,0,0,0,0,0
"P221",35.724,35.723,35.723,35.723,35.723,35.737,35.73,35.723,35.73,35.723,35.723,35.716,35.716,35.723,35.723,35.73,35.723,35.716,35.716,35.716,35.709,35.723,35.723,35.73,35.716,35.723,35.716,35.716,35.73,35.716,35.71,35.71,35.723,35.716,35.716,35.716,35.716,35.723,35.709,35.716,35.716
"P222",35.8422,35.84,35.84,35.834,35.841,35.854,35.847,35.841,35.847,35.841,35.84,35.833,35.834,35.84,35.834,35.847,35.834,35.841,35.834,35.833,35.827,35.841,35.841,35.847,35.841,35.833,35.84,35.841,35.861,35.834,35.827,35.827,35.84,35.841,35.834,35.834,35.84,35.84,35.827,35.833,35.834
"P223",35.9921428571429,0,0,35.992,0,36.006,0,0,0,0,35.985,0,0,0,0,35.999,0,0,0,0,0,0,0,35.985,0,35.985,0,0,0,0,0,0,35.978,0,0,0,0,0,0,0,0
"P224",36.1949,36.171,36.185,36.192,36.199,36.227,36.185,36.172,36.171,36.199,36.199,36.164,36.171,36.213,36.179,36.199,36.172,36.206,36.213,36.171,36.151,36.206,36.206,36.22,36.199,36.199,36.213,36.199,36.227,36.172,36.151,36.206,36.199,36.213,36.227,36.185,36.192,36.192,36.158,36.171,36.172
"P225",36.3364230769231,36.316,36.33,0,36.33,36.351,36.33,0,36.33,36.337,36.337,36.323,0,36.344,36.33,36.344,36.33,36.337,36.337,0,0,36.337,36.337,36.337,0,36.33,0,36.323,36.344,36.33,0,0,36.33,36.344,0,36.323,0,0,36.316,0,0
"P226",36.6262,36.633,36.647,36.62,36.641,36.626,36.62,36.627,36.633,36.633,36.64,36.626,36.633,36.62,36.654,36.613,36.647,36.613,36.64,36.606,36.606,36.62,36.64,36.613,36.613,36.606,36.619,36.634,36.626,36.627,36.606,36.62,36.606,36.627,36.62,36.62,36.62,36.606,36.599,36.599,36.599
"P227",36.8926153846154,36.882,36.895,36.889,36.903,36.882,36.888,36.882,36.896,36.896,36.895,36.868,36.895,36.868,36.903,36.895,36.896,36.882,36.895,36.875,36.882,36.889,36.896,36.889,36.896,36.875,36.888,36.896,36.888,36.882,36.875,36.923,36.882,36.889,36.889,36.896,36.889,36.875,36.895,36.888,0
"P228",36.969,0,0,0,0,0,0,0,0,0,0,0,0,0,0,0,0,0,0,0,0,0,0,0,0,0,0,0,0,0,0,0,0,0,0,0,36.964,0,0,0,0
"P229",37.0719090909091,37.068,37.074,0,37.068,37.082,37.075,0,0,0,0,0,0,37.075,37.061,0,0,37.061,37.082,0,0,37.061,37.075,0,0,37.054,37.068,37.061,0,0,0,37.068,37.054,37.096,37.068,0,0,37.054,37.068,37.054,37.075
"P230",37.2290384615385,37.233,0,37.233,37.227,37.233,37.219,37.227,0,37.233,0,0,37.233,37.226,0,37.226,0,0,0,37.24,37.22,37.227,0,37.226,37.22,37.226,37.226,0,37.226,0,37.213,37.22,37.213,0,37.233,0,37.226,37.213,0,37.226,37.22
"P231",37.34015,37.344,37.343,37.33,37.337,37.351,37.337,37.344,37.344,37.33,37.337,37.323,37.316,37.323,37.351,37.337,37.364,37.33,37.344,37.337,37.337,37.351,37.337,37.337,37.344,37.33,37.337,37.33,37.344,37.33,37.337,37.323,37.337,37.316,37.337,37.33,37.337,37.344,37.323,37.343,37.33
"P232",37.4245,0,0,0,0,0,0,0,0,0,0,0,0,0,0,0,0,0,0,37.44,0,0,0,0,0,0,0,0,0,0,0,0,0,37.399,0,0,0,0,0,0,0
"P233",37.6174,37.619,37.626,37.613,37.62,37.619,37.612,37.613,37.626,37.613,37.619,37.612,37.606,37.626,37.627,37.612,37.627,37.62,37.619,37.605,37.606,37.611,37.62,37.613,37.606,37.612,37.612,37.613,37.606,37.613,37.606,37.613,37.613,37.606,37.613,37.613,37.606,37.606,37.613,37.605,37.606
"P234",37.896,0,0,0,0,0,0,0,0,0,0,0,0,0,0,0,0,0,0,0,0,37.895,0,37.902,0,37.902,0,0,37.895,0,0,0,0,37.861,0,0,0,0,0,0,0
"P235",37.983,0,0,0,0,0,0,0,0,0,0,0,0,0,0,0,0,0,0,0,0,0,0,0,0,0,0,0,0,0,0,0,0,37.978,0,0,0,0,0,0,0
"P236",38.0957105263158,38.095,38.102,38.102,38.109,38.095,38.102,38.109,38.088,38.095,38.081,0,38.088,0,38.095,38.095,38.123,38.075,38.095,38.095,38.095,38.095,38.082,38.095,38.095,38.088,38.095,38.075,38.095,38.075,38.095,38.095,38.095,38.095,38.095,38.075,38.088,38.095,38.054,38.088,38.088
"P237",38.2097096774194,38.199,0,38.206,38.199,0,38.205,0,38.247,38.199,38.24,38.233,38.199,0,0,38.199,0,38.233,0,38.185,0,38.192,38.24,38.192,38.192,38.199,38.192,38.226,38.199,38.233,38.192,38.192,0,38.192,38.192,38.233,38.192,38.192,38.206,38.191,38.185
"P238",38.279724137931,38.288,38.274,38.282,38.275,38.288,38.281,38.282,0,38.281,0,0,0,38.274,38.268,38.274,38.295,0,38.261,38.281,38.275,38.275,0,38.275,38.275,38.274,38.274,0,38.274,0,38.268,0,38.274,38.275,38.275,0,38.275,38.275,0,38.274,38.275
"P239",38.5318285714286,38.53,38.536,38.53,38.523,38.543,38.53,38.523,38.53,38.53,38.53,38.523,38.523,38.536,38.537,38.53,38.544,38.53,38.536,0,38.516,38.523,38.53,0,38.523,38.516,38.516,38.53,38.523,38.523,0,38.516,38.523,38.571,38.523,38.523,0,38.523,38.523,0,38.523
"P240",38.7012,38.709,38.709,38.695,38.702,38.716,38.702,38.702,38.709,38.702,38.702,38.695,38.695,38.702,38.702,38.702,38.702,38.695,38.695,38.695,38.688,38.695,38.695,38.695,38.695,38.695,38.695,38.695,38.702,38.695,38.688,38.688,38.695,38.695,38.688,38.695,38.695,38.695,38.688,38.695,38.695
"P241",38.81385,38.812,38.826,38.806,38.819,38.833,38.819,38.813,38.812,38.806,38.812,38.812,38.806,38.819,38.813,38.812,38.806,38.812,38.799,38.819,38.792,38.813,38.812,38.812,38.806,38.812,38.805,38.812,38.812,38.813,38.799,38.806,38.805,38.806,38.805,38.812,38.805,38.812,38.805,38.805,38.799
"P242",38.9104285714286,0,38.922,0,0,0,0,0,0,0,0,0,0,0,38.916,0,38.916,38.909,38.916,38.867,0,0,0,0,0,0,0,38.902,0,0,0,0,0,0,0,0,0,0,0,0,0
"P243",39.122725,39.116,39.115,39.102,39.144,39.123,39.102,39.102,39.102,39.123,39.109,39.095,39.123,39.116,39.123,39.116,39.102,39.157,39.143,39.095,39.102,39.144,39.13,39.123,39.102,39.129,39.129,39.123,39.129,39.13,39.088,39.157,39.13,39.137,39.13,39.123,39.116,39.116,39.109,39.102,39.102
"P244",39.3112,0,0,39.316,0,39.309,0,0,0,0,39.295,0,0,39.295,0,39.302,0,39.309,39.309,0,0,0,39.295,0,0,0,0,0,39.288,0,0,0,0,39.364,0,0,0,0,0,0,0
"P245",39.518125,39.516,39.522,39.516,39.523,39.516,39.516,39.516,39.516,39.516,39.516,39.516,39.516,39.516,39.516,39.509,39.537,39.523,39.523,39.509,39.509,39.509,39.509,39.516,39.509,39.516,39.509,39.516,39.509,39.516,39.509,39.516,39.516,39.516,39.509,39.509,39.509,39.509,39.509,39.508,39.509
"P246",39.666,0,0,0,0,0,0,0,0,0,0,0,0,0,0,0,0,0,0,0,0,0,0,0,0,0,0,0,0,0,0,0,0,39.661,0,0,0,0,0,0,0
"P247",39.78125,39.778,39.833,39.785,39.778,39.785,39.785,39.778,0,0,39.792,39.784,0,0,0,39.764,0,0,0,39.778,0,39.778,0,39.73,39.778,39.771,39.778,39.771,39.771,0,39.757,39.819,39.771,0,0,0,0,39.778,39.771,39.757,0
"P248",39.8535,0,0,0,0,0,0,0,0,0,0,39.853,0,0,39.854,0,39.847,0,39.84,0,0,0,0,0,0,0,0,0,0,0,0,0,0,0,0,0,0,0,0,0,0
"P249",39.9264347826087,39.916,0,0,39.916,39.922,0,39.902,39.957,39.909,0,39.95,39.923,39.957,0,39.922,0,0,0,0,39.916,39.916,0,39.916,39.909,39.922,39.915,0,39.909,0,39.895,39.936,0,39.978,39.916,0,39.902,39.929,0,0,0
"P250",40.0821428571429,0,0,0,0,0,0,0,0,40.095,0,0,0,0,0,0,40.047,0,0,0,40.074,0,0,0,40.074,40.102,0,0,40.074,0,0,0,0,0,0,0,0,40.074,0,0,0
"P251",40.1742,40.164,40.184,40.171,40.171,40.171,40.171,40.171,40.178,40.164,40.178,40.171,40.164,40.171,40.178,40.164,40.192,40.178,40.181,40.129,40.157,40.164,40.171,40.164,40.157,40.164,40.164,40.171,40.205,40.171,40.178,40.164,40.164,40.171,40.164,40.171,40.191,40.198,40.164,40.157,40.157
"P252",40.2504,0,0,0,0,0,0,0,0,0,0,40.24,0,40.247,0,0,40.254,40.24,0,40.246,0,0,0,0,0,0,0,0,0,0,0,0,0,0,0,0,0,0,0,0,0
"P253",40.444875,40.447,40.446,40.44,40.447,40.447,40.446,40.447,40.447,40.44,40.447,40.44,40.44,40.44,40.44,40.44,40.44,40.447,40.447,40.439,40.44,40.447,40.44,40.44,40.44,40.44,40.44,40.44,40.433,40.44,40.44,40.44,40.44,40.433,40.44,40.433,40.44,40.44,40.433,40.439,40.44
"P254",40.645,0,0,0,0,0,0,0,0,0,0,0,0,0,0,0,0,0,0,0,0,0,0,0,0,0,0,0,0,0,0,0,0,40.64,0,0,0,0,0,0,0
"P255",40.7321666666667,0,40.736,0,0,0,0,0,40.729,0,0,0,0,0,40.723,0,40.716,0,40.715,0,0,0,0,0,0,0,0,0,40.764,0,0,0,0,0,0,0,0,0,0,0,0
"P256",40.86625,40.867,40.867,40.874,40.867,40.874,40.867,40.874,40.867,40.874,40.867,40.86,40.86,40.867,40.867,40.867,40.867,40.867,40.867,40.812,40.853,40.867,40.86,40.86,40.86,40.86,40.867,40.867,40.874,40.86,40.854,40.867,40.86,40.86,40.86,40.86,40.853,40.86,40.853,40.86,40.853
"P257",40.9503333333333,0,0,0,0,0,0,0,0,0,0,0,0,0,0,0,0,0,0,0,0,0,0,40.95,40.943,0,0,0,0,0,0,0,0,0,40.943,0,0,0,0,0,0
"P258",41.1068717948718,41.102,41.108,41.109,41.116,41.109,41.115,41.109,0,41.102,41.102,41.095,41.109,41.095,41.102,41.115,41.102,41.095,41.102,41.108,41.122,41.102,41.102,41.102,41.109,41.102,41.108,41.102,41.102,41.102,41.095,41.095,41.095,41.095,41.095,41.095,41.095,41.095,41.095,41.101,41.109
"P259",41.20308,41.205,0,41.205,41.212,41.205,0,41.205,0,41.198,0,41.191,41.198,41.198,0,41.198,41.198,0,0,0,41.198,41.205,41.198,41.198,41.205,41.205,41.205,0,41.198,41.198,41.191,41.191,0,0,41.198,0,41.191,0,0,0,41.198
"P260",41.3081153846154,0,0,41.309,41.302,41.302,41.35,41.302,0,41.309,0,0,41.302,41.315,41.309,41.295,41.302,0,41.302,0,41.288,41.302,0,41.302,41.288,41.295,41.295,0,41.288,0,0,0,41.343,41.281,41.295,41.309,0,41.343,0,41.288,41.295
"P261",41.4803043478261,41.488,41.481,0,41.488,41.488,41.481,0,41.481,41.481,41.474,41.481,0,41.481,41.474,41.474,0,41.481,0,0,41.467,41.474,0,0,0,41.474,0,41.474,0,41.474,0,0,41.474,41.467,0,41.467,0,41.474,41.474,0,0
"P262",41.5329444444444,41.536,0,41.536,41.536,0,0,41.536,41.529,41.536,41.529,41.529,41.529,41.584,41.529,0,41.529,41.529,41.529,41.529,41.522,41.529,41.529,41.529,41.522,41.522,41.529,41.522,41.529,41.529,41.522,41.529,41.522,41.522,41.529,41.515,41.522,41.529,41.515,41.522,41.522
"P263",41.686,0,0,0,0,0,0,0,0,0,0,0,0,0,0,0,0,0,0,41.681,0,0,0,0,0,0,0,0,0,0,0,0,0,0,0,0,0,0,0,0,0
"P264",41.8281,41.819,41.812,41.84,41.826,41.805,41.805,41.812,41.812,41.812,41.805,41.798,41.846,41.798,41.853,41.805,41.819,41.853,41.888,41.805,41.853,41.853,41.819,41.819,41.819,41.853,41.832,41.826,41.826,41.833,41.805,41.853,41.853,41.812,41.819,41.812,41.819,41.826,41.819,41.805,41.805
"P265",42.0763157894737,0,0,42.074,42.088,42.074,0,42.074,0,42.067,0,0,42.081,0,0,42.074,0,0,0,0,42.081,42.081,0,42.074,42.074,42.081,42.074,0,42.074,0,42.053,0,0,0,42.067,0,42.06,0,0,42.067,42.067
"P266",42.199475,42.205,42.198,42.205,42.198,42.191,42.198,42.198,42.198,42.198,42.198,42.191,42.205,42.191,42.198,42.191,42.198,42.198,42.198,42.198,42.198,42.198,42.191,42.198,42.191,42.198,42.191,42.198,42.191,42.198,42.191,42.198,42.198,42.191,42.191,42.191,42.191,42.198,42.191,42.191,42.191
"P267",42.3325,0,0,0,0,0,0,0,0,0,0,42.343,0,42.343,0,0,42.343,0,0,0,0,0,0,0,0,0,0,0,0,0,0,0,0,42.281,0,0,0,0,0,0,0
"P268",42.4415185185185,0,42.432,0,42.453,42.446,42.439,0,0,0,42.432,42.418,0,42.426,42.44,42.432,42.433,42.446,42.446,0,42.439,42.46,42.426,0,42.446,42.446,0,42.433,42.446,42.433,0,42.44,42.432,42.419,42.439,42.433,0,42.432,42.439,0,0
"P269",42.57,42.563,42.591,42.577,42.577,42.57,42.536,42.571,42.577,42.577,42.57,42.529,42.57,42.57,42.577,42.57,42.571,42.577,42.563,42.536,42.57,42.571,42.577,42.564,42.57,42.57,42.57,42.577,42.57,42.571,42.557,0,0,0,42.563,42.564,42.557,42.557,0,42.556,42.564
"P270",42.751,0,0,0,42.784,0,0,0,0,0,0,0,0,0,0,42.75,0,0,0,0,42.75,42.75,0,42.743,42.743,42.756,42.756,0,42.743,0,0,0,0,42.695,0,0,0,0,0,0,0
"P271",42.8943888888889,42.901,42.908,42.908,42.895,42.901,0,42.895,42.901,42.901,42.901,42.908,42.894,42.922,42.902,42.894,42.908,42.901,42.901,42.839,0,42.895,42.894,42.888,0,42.881,42.894,42.895,42.887,42.895,42.888,42.895,42.888,42.833,42.888,42.895,42.881,42.888,0,42.887,42.826
"P272",42.9720454545455,42.963,42.977,42.977,42.97,42.963,42.963,0,42.97,0,42.97,42.991,42.957,43.012,42.971,42.956,42.977,42.97,42.97,42.963,0,0,42.963,0,0,0,0,42.964,0,42.964,0,0,0,0,0,42.957,0,0,42.957,0,0
"P273",43.0849393939394,43.087,0,43.088,43.088,43.087,43.081,43.081,0,43.088,0,0,43.081,0,43.081,43.081,0,43.081,43.087,0,43.081,43.081,43.081,43.081,43.081,43.081,43.08,43.074,43.081,43.074,43.074,43.081,43.081,43.088,43.074,43.074,43.081,43.081,43.074,43.08,43.074
"P274",43.179,0,0,0,43.184,0,0,0,0,0,0,0,0,0,0,0,0,0,0,0,0,0,0,0,0,0,0,0,0,0,0,0,0,0,0,0,0,0,0,0,0
"P275",43.2657619047619,43.26,0,43.267,43.274,43.274,0,43.267,0,43.26,0,0,43.26,0,0,43.267,0,0,0,0,43.26,43.26,0,43.267,43.26,43.26,43.267,0,43.26,0,43.253,0,0,43.281,43.26,0,43.246,0,0,43.253,43.26
"P276",43.4987916666667,43.46,0,43.446,43.522,43.543,0,43.467,43.46,0,43.46,0,43.508,0,43.474,43.522,43.474,43.474,0,43.549,43.522,43.522,43.453,43.522,43.522,43.515,43.522,43.46,43.522,0,0,0,0,43.481,43.501,0,0,0,0,0,0
"P277",43.603,0,0,0,0,0,0,0,0,0,0,0,0,43.598,0,0,0,0,0,0,0,0,0,0,0,0,0,0,0,0,0,0,0,0,0,0,0,0,0,0,0
"P278",43.75225,0,0,43.756,43.763,43.756,0,0,0,43.756,0,0,43.75,0,0,43.756,0,43.75,43.749,0,43.75,43.75,0,43.743,43.743,43.749,43.749,0,43.749,0,43.736,0,0,43.736,43.749,0,0,0,0,43.742,43.743
"P279",43.846425,43.846,43.846,43.853,43.853,43.853,43.846,43.846,43.846,43.846,43.846,43.846,43.846,43.846,43.839,43.846,43.839,43.839,43.839,43.832,43.846,43.846,43.839,43.846,43.853,43.846,43.853,43.839,43.846,43.839,43.839,43.839,43.839,43.832,43.839,43.832,43.832,43.839,43.832,43.839,43.839
"P280",44.04265,44.053,44.046,44.046,44.053,44.046,44.046,44.046,44.046,44.053,44.039,44.028,44.039,44.025,44.039,44.039,44.039,44.039,44.039,44.039,44.032,44.039,44.039,44.032,44.039,44.039,44.039,44.039,44.039,44.039,44.032,44.039,44.039,44.032,44.039,44.032,44.039,44.032,44.032,44.032,44.032
"P281",44.137,44.142,44.135,44.143,44.15,44.136,44.136,44.143,44.136,44.149,44.136,44.135,44.136,44.136,44.129,44.129,44.129,44.143,44.136,44.129,44.122,44.129,44.136,44.129,44.136,44.129,44.129,44.129,44.136,44.136,44.122,44.136,44.129,44.122,44.136,44.129,44.136,44.129,44.122,44.128,44.122
"P282",44.2425714285714,0,44.239,0,0,0,0,0,0,0,0,44.246,0,44.26,44.232,0,44.239,0,44.232,0,0,0,0,0,0,0,0,0,0,0,0,0,0,0,0,44.225,0,0,0,0,0
"P283",44.360675,44.363,44.356,44.37,44.363,44.356,44.356,44.356,44.356,44.356,44.349,44.349,44.363,44.349,44.377,44.349,44.35,44.377,44.411,44.349,44.37,44.356,44.356,44.349,44.356,44.356,44.356,44.356,44.356,44.356,44.343,44.363,44.356,44.35,44.349,44.349,44.349,44.356,44.342,44.349,44.349
"P284",44.4815,0,0,0,0,0,0,0,0,0,0,44.473,0,44.48,0,0,0,0,0,0,0,0,0,0,0,0,0,0,0,0,0,0,0,0,0,0,0,0,0,0,0
"P285",44.6887105263158,44.715,44.721,44.667,44.674,44.667,44.715,44.653,44.722,44.66,44.722,44.708,44.66,0,44.715,44.66,0,44.708,44.715,44.708,44.66,44.667,44.701,44.66,44.667,44.66,44.659,44.701,44.666,44.715,44.646,44.715,44.701,44.694,44.653,44.708,44.646,44.708,44.715,44.646,44.653
"P286",44.7959285714286,0,44.797,0,0,0,0,0,44.798,0,44.791,44.797,0,44.798,44.798,0,44.791,44.791,44.798,0,0,0,44.798,0,0,0,0,44.784,0,44.791,0,0,0,44.777,0,44.784,0,0,0,0,0
"P287",45.0110588235294,45.025,0,0,0,0,44.997,0,0,0,45.018,45.039,0,45.004,0,44.991,0,0,0,0,44.984,0,0,0,44.984,0,44.977,44.984,0,45.046,0,45.039,45.004,44.984,0,45.032,0,45.011,44.984,0,0
"P288",45.1169473684211,0,0,45.122,45.122,45.122,0,45.115,0,45.122,0,0,45.108,0,0,45.115,0,0,0,0,45.108,45.122,0,45.115,45.115,45.115,45.115,0,45.115,0,45.108,0,0,0,45.108,0,45.094,0,0,45.108,45.108
"P289",45.2955666666667,45.294,0,45.287,45.301,45.294,45.315,45.308,0,45.301,45.308,45.315,45.287,0,0,45.287,0,0,0,0,45.273,45.28,45.308,45.287,45.287,45.287,45.287,45.301,45.28,0,45.294,45.287,45.287,45.28,45.287,45.294,45.28,45.301,0,45.28,45.28
"P290",45.382,0,0,0,0,0,0,0,0,0,0,0,0,0,0,0,0,0,0,45.377,0,0,0,0,0,0,0,0,0,0,0,0,0,0,0,0,0,0,0,0,0
"P291",45.4635,0,45.473,0,0,0,0,0,45.466,0,45.46,0,0,0,45.467,0,45.48,45.467,45.473,45.439,0,0,45.46,0,0,0,0,45.453,45.446,45.453,0,0,0,0,0,45.446,0,0,45.446,0,0
"P292",45.5282564102564,45.515,45.535,45.515,45.515,45.522,45.521,45.515,45.535,45.515,45.528,45.549,45.515,45.57,45.536,45.515,45.556,45.535,45.535,0,45.515,45.508,45.522,45.515,45.508,45.515,45.515,45.515,45.515,45.522,45.529,45.515,45.508,45.584,45.515,45.508,45.528,45.508,45.508,45.542,45.535
"P293",45.7458666666667,45.749,0,45.749,45.756,45.749,45.749,45.749,45.749,45.749,45.735,0,45.742,0,0,45.749,0,0,0,45.728,45.742,45.749,0,45.742,45.749,45.749,45.742,45.735,45.742,0,45.736,45.742,45.742,45.735,45.742,45.729,45.735,45.728,0,45.742,45.742
"P294",45.9012307692308,0,45.901,0,0,0,0,0,45.894,0,45.901,45.894,0,45.908,45.901,0,45.894,45.894,45.894,0,0,0,45.887,0,0,0,0,0,0,45.901,0,45.915,0,0,0,45.887,0,0,0,0,0
"P295",46.0225714285714,0,0,0,46.032,0,0,0,0,0,0,0,0,0,0,46.025,0,0,0,0,46.011,46.011,0,0,46.018,0,46.018,0,46.018,0,0,0,0,0,0,0,0,0,0,0,0
"P296",46.22925,46.239,46.238,46.225,46.232,46.232,46.232,46.232,46.239,46.232,46.232,46.232,46.225,46.239,46.232,46.225,46.232,46.225,46.225,46.225,46.218,46.225,46.225,46.218,46.218,46.225,46.218,46.225,46.225,46.225,46.218,46.218,46.218,46.218,46.218,46.225,46.218,46.218,46.218,46.218,46.218
"P297",46.48235,46.487,46.487,46.487,46.487,46.487,46.48,46.487,46.487,46.487,46.48,46.48,46.48,46.487,46.48,46.48,46.48,46.487,46.48,46.473,46.473,46.48,46.48,46.473,46.473,46.473,46.48,46.473,46.48,46.48,46.473,46.473,46.473,46.473,46.473,46.473,46.473,46.473,46.466,46.473,46.473
"P298",46.6034375,0,46.611,0,0,0,0,0,46.604,0,46.597,46.604,0,46.625,46.598,46.597,46.611,46.597,46.604,0,0,0,46.59,0,46.604,0,0,46.591,0,46.591,0,0,0,0,0,46.584,0,0,46.577,0,0
"P299",46.7434705882353,46.749,46.742,46.756,46.749,46.742,46.749,46.742,0,46.749,46.742,0,46.742,0,46.742,46.742,0,46.749,46.749,46.742,46.742,46.735,46.735,46.735,46.742,46.742,46.735,46.728,46.735,46.735,46.728,46.735,46.735,0,46.735,46.728,46.735,46.735,0,46.742,46.735
"P300",46.816,0,0,0,0,0,0,0,0,0,0,0,0,0,0,0,0,0,0,0,0,0,0,0,0,0,0,0,0,0,0,0,46.832,46.79,0,0,0,0,0,0,0
"P301",46.91605,46.914,46.928,46.921,46.915,46.914,46.907,46.915,46.928,46.915,46.921,46.928,46.908,46.928,46.915,46.908,46.928,46.915,46.921,46.907,46.908,46.908,46.921,46.914,46.908,46.907,46.914,46.915,46.908,46.915,46.908,46.901,46.894,46.908,46.901,46.908,46.901,46.901,46.901,46.907,46.908
"P302",47.064125,0,0,0,47.066,47.066,0,0,0,0,0,0,0,0,0,0,0,0,0,0,47.059,47.066,0,0,47.059,47.066,47.052,0,47.059,0,0,0,0,0,0,0,0,0,0,0,0
"P303",47.1323,47.135,47.142,47.128,47.128,47.128,47.142,47.135,47.142,47.128,47.135,47.142,47.128,47.149,47.142,47.128,47.142,47.135,47.128,47.135,47.128,47.128,47.128,47.121,47.121,47.114,47.128,47.121,47.121,47.135,47.115,47.121,47.128,47.121,47.114,47.128,47.114,47.121,47.121,47.121,47.121
"P304",47.258625,0,47.259,0,0,0,0,0,0,0,0,47.252,0,47.259,47.253,0,47.266,47.252,0,0,0,0,47.252,0,0,0,0,0,0,0,0,0,0,0,0,47.246,0,0,0,0,0
"P305",47.3764545454545,0,0,47.349,47.363,47.383,0,0,47.356,47.377,0,47.404,47.356,47.418,0,47.376,0,47.383,0,47.39,47.37,47.363,0,47.349,47.356,47.397,47.349,0,47.356,0,0,47.328,0,47.432,0,0,0,0,47.37,0,47.377
"P306",47.5722413793103,0,47.59,0,47.563,0,47.576,0,47.618,47.563,47.57,47.59,47.556,47.604,47.584,0,47.583,47.556,47.563,0,47.549,0,47.563,47.556,47.549,0,47.549,47.59,47.556,47.556,47.549,47.577,47.556,47.57,47.549,47.597,47.549,47.549,0,0,0
"P307",47.6639523809524,47.666,0,47.666,47.673,47.673,0,47.666,0,47.666,0,0,47.659,0,0,47.673,0,0,0,0,47.659,47.666,0,47.666,47.666,47.659,47.652,0,47.659,0,47.659,0,0,0,47.652,0,47.652,0,47.611,47.666,47.659
"P308",47.8436060606061,47.852,47.859,47.845,0,47.852,0,47.866,47.859,0,47.859,47.845,0,47.852,47.852,47.838,47.866,47.852,47.852,47.797,47.845,47.825,47.845,47.845,47.79,47.831,47.845,47.839,47.818,47.846,47.859,0,47.763,0,47.845,47.839,47.811,47.852,47.838,0,47.832
"P309",47.9138888888889,0,0,0,47.901,0,47.894,0,0,47.901,0,47.907,47.901,47.921,0,0,0,47.901,0,0,0,0,0,0,0,0,0,0,0,0,0,47.894,0,47.97,0,0,0,0,0,0,0
"P310",48.0946923076923,0,0,48.101,48.101,0,0,0,0,48.087,0,0,48.101,0,0,48.094,0,0,0,0,48.08,48.094,0,48.087,48.094,48.094,48.093,0,48.08,0,0,0,0,0,48.08,0,0,0,0,0,0
"P311",48.2485,0,0,0,0,48.231,0,0,0,0,0,0,0,0,0,0,0,0,0,0,0,0,0,0,0,0,0,0,0,0,0,0,0,48.266,0,0,0,0,0,0,0
"P312",48.373,0,0,0,0,0,0,0,48.383,0,0,0,0,0,0,0,0,48.363,0,0,0,0,0,0,0,0,0,0,0,0,0,0,0,0,0,0,0,0,0,0,0
"P313",48.4891794871795,48.493,48.486,48.48,48.501,48.493,48.486,48.494,48.494,48.48,48.487,48.486,48.473,48.48,48.48,48.5,48.48,48.48,48.48,48.473,48.494,48.521,48.48,48.494,48.521,48.48,48.5,48.473,48.493,48.473,48.473,48.48,48.487,48.487,48.48,48.473,48.48,0,48.466,48.479,48.473
"P314",48.5844444444444,0,48.59,0,0,0,48.583,0,48.583,0,48.583,48.576,48.576,48.576,48.576,0,48.583,48.583,48.583,0,0,0,48.576,0,0,0,0,48.57,0,48.57,0,0,0,48.618,0,48.576,0,0,48.569,0,48.569
"P315",48.7102692307692,48.707,48.714,0,48.721,48.714,48.714,48.694,48.721,48.714,48.721,48.714,0,48.721,48.714,48.707,48.714,48.714,48.721,48.659,0,48.694,0,0,0,48.7,48.707,48.707,48.7,48.707,0,48.701,0,0,48.7,0,0,0,0,0,48.687
"P316",48.8148333333333,0,48.831,0,0,0,0,0,48.831,0,48.831,0,0,48.804,48.825,0,48.825,48.831,48.831,0,0,0,48.825,48.79,48.797,0,48.769,48.811,0,48.825,0,0,0,48.763,0,48.818,0,0,48.811,48.769,0
"P317",48.9736578947368,48.949,49.01,48.949,48.942,48.942,48.997,48.949,49.011,48.942,49.004,49.004,48.99,49.011,48.997,48.942,49.004,49.004,49.004,49.004,48.928,48.935,48.997,48.928,48.928,48.935,48.928,48.997,48.928,48.99,48.942,49.011,0,0,48.928,48.99,48.935,48.99,48.99,48.934,48.99
"P318",49.161,0,0,0,0,0,0,0,0,0,0,0,0,0,0,0,0,0,0,0,0,0,0,0,0,0,0,0,0,0,0,0,0,49.156,0,0,0,0,0,0,0
"P319",49.278,0,0,0,0,0,0,0,0,0,0,0,0,0,0,0,0,0,0,0,0,0,0,0,0,0,0,0,0,0,0,49.273,0,0,0,0,0,0,0,0,0
"P320",49.4048181818182,0,0,0,49.404,0,0,0,0,0,0,49.41,0,0,49.411,0,0,0,0,0,0,49.404,0,0,0,49.397,49.397,49.411,49.39,0,0,0,0,49.404,0,0,49.383,0,0,0,49.397
"P321",49.57575,0,0,0,0,0,0,0,0,0,0,49.59,0,0,0,0,0,0,0,49.569,0,0,0,0,0,0,0,0,0,0,0,0,0,0,0,0,49.569,49.555,0,0,0
"P322",49.6855714285714,0,0,0,0,0,0,0,0,0,0,49.686,0,49.686,49.687,49.693,0,0,0,0,0,0,49.666,0,0,0,0,0,49.673,0,0,49.673,0,0,0,0,0,0,0,0,0
"P323",49.7978148148148,49.804,49.817,0,49.79,0,0,49.811,49.811,49.804,49.804,49.803,49.79,49.797,49.79,0,49.804,49.79,49.81,49.79,49.762,49.776,0,49.776,49.79,49.79,0,0,0,0,49.797,0,49.79,49.804,49.776,49.797,49.79,49.783,0,0,0
"P324",50.0225333333333,0,50.038,0,0,0,0,0,50.038,0,50.031,0,0,50.031,50.024,0,50.024,50.031,50.031,0,0,49.969,50.024,0,0,0,0,50.024,0,50.018,0,0,0,49.949,0,50.017,0,0,50.024,0,0
"P325",50.1736875,0,50.176,0,50.183,0,50.197,0,50.183,0,50.176,0,0,0,50.176,0,50.19,50.169,50.169,50.114,0,0,50.162,0,0,0,0,50.169,0,50.169,0,0,0,0,0,50.162,0,0,50.169,0,50.155
"P326",50.2705,0,0,0,0,0,0,0,0,0,0,50.265,0,50.266,0,0,0,0,0,0,0,0,0,0,0,0,0,0,0,0,0,0,0,0,0,0,0,0,0,0,0
"P327",50.36984375,50.369,0,50.376,50.383,50.376,50.376,50.376,50.376,50.376,50.376,50.362,50.369,0,0,50.376,0,0,0,50.369,50.369,50.362,50.369,50.362,50.362,50.369,50.355,50.362,50.362,50.362,50.362,50.369,50.362,50.335,50.355,0,50.355,50.369,0,50.376,50.348
"P328",50.5115161290323,50.521,0,50.528,50.535,50.514,50.528,50.521,50.514,50.507,50.514,50.514,50.507,50.507,0,50.521,0,0,0,50.493,50.493,50.5,50.507,50.514,50.5,50.514,50.493,50.507,50.507,50.514,50.5,50.486,50.493,0,50.5,0,50.5,50.507,0,50.493,0
"P329",50.87,0,0,0,0,0,0,0,0,0,0,0,0,0,0,0,0,0,0,50.865,0,0,0,0,0,0,0,0,0,0,0,0,0,0,0,0,0,0,0,0,0
"P330",51.098,0,0,0,0,0,0,0,0,0,0,0,0,0,0,0,0,0,0,51.093,0,0,0,0,0,0,0,0,0,0,0,0,0,0,0,0,0,0,0,0,0
"P331",51.2597272727273,0,51.265,51.238,0,51.286,0,0,51.272,0,51.265,51.245,51.259,51.258,51.259,51.203,51.266,51.259,51.258,0,0,51.272,51.252,51.293,0,51.231,0,51.252,0,51.252,0,51.252,0,0,0,51.245,0,0,51.252,0,0
"P332",51.36,0,0,0,0,0,0,0,0,0,0,0,0,0,0,0,0,0,0,0,0,0,0,0,0,0,0,0,0,0,0,0,0,51.355,0,0,0,0,0,0,0
"P333",51.532,0,0,0,0,0,0,0,0,0,0,51.527,0,51.527,0,0,0,0,0,0,0,0,0,0,0,0,0,0,0,0,0,0,0,0,0,0,0,0,0,0,0
"P334",52.193,0,52.196,0,0,0,0,0,0,0,0,52.189,0,52.189,0,0,0,0,0,0,0,0,0,0,0,0,0,0,0,0,0,0,0,0,0,0,0,0,0,0,0
"P335",52.32535,52.341,52.334,52.334,52.341,52.32,52.327,52.328,52.334,52.327,52.334,52.32,52.314,52.327,52.328,52.314,52.328,52.321,52.334,52.341,52.314,52.321,52.321,52.314,52.321,52.32,52.313,52.314,52.307,52.307,52.321,52.314,52.32,52.314,52.307,52.321,52.327,52.307,52.314,52.306,52.314
"P336",52.4668,0,52.472,0,0,0,0,0,0,0,0,52.458,0,52.465,0,0,0,0,0,0,0,52.459,0,52.465,0,0,0,0,0,0,0,0,0,0,0,0,0,0,0,0,0
"P337",52.6122272727273,52.624,0,52.631,0,52.638,52.617,52.61,0,52.617,0,0,0,52.658,0,0,0,52.617,0,52.596,52.61,52.617,0,52.61,52.589,52.582,52.589,0,52.603,0,52.617,0,52.576,52.583,52.603,0,0,52.603,52.589,0,0
"P338",53.26225,0,53.244,0,0,0,0,0,53.272,0,53.279,53.224,0,53.3,53.286,0,53.265,53.245,53.279,0,0,0,53.196,0,0,0,0,0,0,53.3,0,0,0,0,0,53.217,0,0,0,0,0
"P339",54.373,0,0,0,0,0,0,0,0,0,0,54.368,0,0,0,0,0,0,0,0,0,0,0,0,0,0,0,0,0,0,0,0,0,0,0,0,0,0,0,0,0
"P340",54.6066428571429,0,54.616,0,0,0,0,0,54.637,0,54.603,0,54.61,0,54.596,0,54.61,54.603,54.603,0,0,0,54.589,0,0,0,0,54.596,0,54.589,0,0,0,0,0,54.596,0,0,54.589,54.596,0
"P341",55.0145,0,0,0,0,0,0,0,0,0,0,55.023,0,54.996,0,0,0,0,0,0,0,0,0,0,0,0,0,0,0,0,0,0,0,0,0,0,0,0,0,0,0
"P342",55.1773333333333,0,0,0,55.196,0,0,0,0,0,0,0,0,0,0,0,0,0,0,0,55.182,0,0,0,55.168,55.21,55.154,0,55.134,0,0,0,0,0,0,0,0,0,0,0,0
"P343",55.685,0,0,0,0,0,0,0,55.699,0,0,55.671,0,0,0,0,0,0,0,0,0,0,0,0,0,0,0,0,0,0,0,0,0,0,0,0,0,0,0,0,0
"P344",55.7740476190476,55.782,0,0,0,0,55.761,55.803,0,55.775,55.796,0,0,0,0,55.747,55.755,0,0,55.844,0,0,55.775,55.754,0,0,55.782,55.768,55.768,55.768,55.741,0,55.754,0,55.761,0,55.754,55.754,55.747,55.761,0
"P345",56.150675,56.182,56.161,56.175,56.175,56.154,56.154,56.168,56.154,56.168,56.161,56.133,56.141,56.161,56.141,56.161,56.168,56.168,56.147,56.147,56.127,56.141,56.134,56.141,56.134,56.134,56.133,56.148,56.134,56.134,56.148,56.134,56.134,56.134,56.14,56.147,56.147,56.127,56.134,56.133,56.12
"P346",56.6918947368421,56.685,56.706,0,56.699,56.699,56.678,56.679,56.706,56.699,56.699,56.726,56.665,56.747,0,56.671,56.685,56.685,56.678,0,0,0,56.678,0,0,0,0,56.665,0,56.651,0,0,0,0,0,0,0,0,0,0,0
"P347",58.447,0,0,0,0,0,0,0,58.478,0,0,0,0,0,0,0,0,0,58.416,0,0,0,0,0,0,0,0,0,0,0,0,0,0,0,0,0,0,0,0,0,0
"P348",58.724,0,0,0,0,0,0,0,0,0,0,0,0,0,0,0,0,0,0,0,0,0,0,0,0,0,0,0,0,0,0,0,0,0,0,0,0,0,0,0,58.719
"P349",58.9155,0,0,0,0,0,0,0,58.919,0,0,58.912,0,0,0,0,0,0,0,0,0,0,0,0,0,0,0,0,0,0,0,0,0,0,0,0,0,0,0,0,0
