"","mean_RT","NM_059_2","NM_074_1","NM_075_1","NM_076","NM_077","NM_080_1","NM_085","NM_099","NM_100","NM_101","NM_104","NM_106","NM_107","NM_108","NM_112","NM_114","NM_116","NM_136","NM_137","NM_139","NM_140","NM_141","NM_144","NM_145","NM_147"
"P1",4.1456,4.122,4.163,4.122,0,4.183,4.121,4.163,4.122,0,0,0,0,0,0,0,0,0,4.156,4.156,4.122,4.122,4.122,4.122,4.121,4.122
"P2",4.3612,0,0,0,0,0,4.349,0,4.349,0,0,0,0,0,0,0,0,0,0,0,0,0,4.349,4.342,4.342,0
"P3",4.54475,0,0,0,0,0,0,0,0,4.577,0,0,0,0,0,0,4.515,0,0,4.508,0,4.529,0,0,0,0
"P4",4.626,0,0,0,0,0,4.611,0,0,0,0,0,0,0,0,0,0,0,0,0,0,0,0,0,0,0
"P5",4.775,0,0,0,0,0,0,0,0,0,0,0,0,0,0,4.77,0,0,0,0,0,0,0,0,0,0
"P6",4.99916666666667,4.991,4.99,4.991,5.018,5.011,4.99,5.011,4.984,4.99,4.99,4.99,4.991,4.991,4.99,4.99,0,4.991,4.991,4.99,4.984,4.984,4.984,4.984,4.983,4.991
"P7",5.07772727272727,5.066,5.087,5.08,5.094,0,0,5.066,5.073,0,0,0,0,0,0,0,0,0,5.053,5.066,5.06,0,5.052,0,5.073,0
"P8",5.641,5.653,0,0,0,5.687,5.645,0,0,5.618,5.625,5.625,5.618,5.625,5.618,5.625,0,5.625,5.646,5.625,0,5.618,5.618,5.632,0,5.659
"P9",5.79175,0,5.79,0,0,0,0,5.79,5.763,0,0,0,0,0,0,0,0,0,0,0,5.784,0,0,0,0,0
"P10",5.998,0,0,0,0,0,0,0,0,0,0,0,0,0,0,0,0,0,0,0,0,0,0,0,5.983,0
"P11",6.30157142857143,0,0,0,0,0,0,6.301,0,0,6.294,6.301,0,0,0,6.314,0,6.252,6.287,6.307,0,0,0,0,0,0
"P12",6.409,0,0,0,0,0,0,0,0,0,0,0,0,6.404,0,0,0,0,0,0,0,0,0,0,0,0
"P13",6.58141176470588,6.577,6.562,6.57,6.597,6.59,0,6.563,6.563,6.604,0,0,0,0,6.604,0,0,0,6.57,6.562,6.556,6.563,6.563,6.563,6.562,6.59
"P14",6.7945,0,0,0,0,0,0,0,0,0,0,0,0,0,0,0,0,0,6.776,0,0,0,0,6.783,0,0
"P15",6.964,0,0,0,0,0,0,0,0,0,0,0,0,0,0,0,0,0,6.949,0,0,0,0,0,0,0
"P16",7.104,0,7.086,0,0,0,0,0,7.1,0,0,0,0,0,0,0,7.08,0,0,0,0,0,0,0,7.1,0
"P17",7.2922,7.294,7.273,7.287,7.314,7.321,0,7.28,7.28,0,0,0,0,0,0,0,7.287,0,7.28,7.28,7.28,7.28,7.273,7.273,7.266,0
"P18",7.36754545454545,7.37,0,0,7.39,0,7.362,7.356,7.349,7.362,7.362,7.362,7.356,7.363,7.362,7.362,7.356,7.369,7.349,7.348,7.356,7.356,7.349,7.349,7.349,7.349
"P19",7.6335,0,7.631,7.632,0,0,0,7.638,0,0,0,0,0,0,0,0,0,0,0,0,7.618,0,7.611,0,7.611,0
"P20",7.752,0,0,0,0,7.776,7.728,0,0,0,0,0,0,0,0,0,0,0,0,0,0,0,0,0,0,0
"P21",8.099,0,0,0,8.114,0,0,0,0,0,0,0,0,0,0,0,0,0,0,0,0,0,0,0,0,0
"P22",8.34,0,0,0,8.355,0,0,0,0,0,0,0,0,0,0,0,0,0,0,0,0,0,0,0,0,0
"P23",8.70228,8.7,8.693,8.693,8.728,8.721,8.686,8.693,8.686,8.686,8.686,8.693,8.686,8.693,8.686,8.693,8.755,8.693,8.686,8.686,8.687,8.687,8.686,8.687,8.686,8.686
"P24",8.977,0,0,0,0,0,0,0,0,0,0,0,0,0,0,0,0,0,0,0,0,0,0,8.962,0,0
"P25",9.10989473684211,9.121,9.114,9.114,9.107,0,9.107,9.093,9.1,0,9.141,0,0,0,0,9.086,9.1,9.093,9.086,9.1,9.086,9.093,9.107,9.093,9.086,9.086
"P26",9.361,0,0,0,0,9.376,0,0,0,0,0,0,0,0,0,0,0,0,0,0,0,0,0,0,0,0
"P27",9.506,0,0,0,0,0,0,0,0,0,9.5,0,0,0,0,9.5,0,0,0,0,0,0,0,9.493,0,0
"P28",9.74292857142857,9.748,0,9.742,9.755,9.769,9.72,9.728,9.734,0,0,0,0,0,0,0,0,0,9.721,9.734,9.728,9.728,9.728,9.728,0,9.728
"P29",9.91668,9.921,9.907,9.921,9.941,9.948,9.907,9.907,9.9,9.907,9.907,9.907,9.9,9.914,9.914,9.9,9.9,9.907,9.9,9.9,9.907,9.9,9.9,9.9,9.9,9.907
"P30",10.0979,0,10.1,10.107,10.121,10.127,0,0,10.086,0,0,0,0,0,0,0,10.038,0,0,10.086,10.086,0,10.079,0,10.079,0
"P31",10.4146,10.424,0,0,0,0,0,0,0,0,0,0,0,0,0,0,0,0,10.39,0,0,10.39,0,10.404,10.41,0
"P32",10.5356666666667,0,0,0,0,0,0,0,10.52,0,0,0,0,0,0,0,0,0,0,0,0,0,0,10.528,10.514,0
"P33",10.8564,0,10.844,0,10.92,0,0,0,10.845,0,0,0,0,0,0,0,0,0,10.831,10.838,10.845,10.845,10.824,10.831,10.831,0
"P34",11.034,0,0,0,0,0,0,11.045,0,0,0,0,0,0,0,0,0,0,0,0,0,0,11.003,0,0,0
"P35",11.2065882352941,11.203,11.189,11.203,11.224,11.217,0,11.196,11.182,0,0,11.217,0,0,11.224,0,0,11.217,11.19,11.203,11.203,11.196,11.182,11.176,11.175,0
"P36",11.3595,0,0,0,0,0,0,0,0,0,0,0,0,0,0,0,0,0,0,11.348,0,0,11.341,0,0,0
"P37",11.6001176470588,11.631,11.555,0,0,11.596,11.589,0,11.582,11.582,0,11.582,11.589,11.589,0,11.589,11.589,11.596,11.61,11.61,0,0,11.555,11.596,11.617,0
"P38",11.6265555555556,0,11.624,11.631,11.631,0,0,11.617,0,0,0,0,0,0,11.631,0,0,0,0,0,11.624,11.596,11.617,0,0,11.603
"P39",11.8413333333333,0,11.851,0,11.886,0,11.775,0,0,0,0,0,0,0,0,0,0,0,11.851,0,0,11.783,0,11.852,0,0
"P40",12.29235,12.293,12.286,12.293,12.286,12.32,12.279,12.286,12.279,0,12.279,12.3,12.286,0,0,0,12.265,0,12.251,12.286,12.286,12.272,12.286,12.279,12.279,12.286
"P41",12.3964285714286,0,12.375,0,12.403,12.43,12.396,12.382,12.375,0,0,0,0,0,12.396,12.417,0,0,12.382,0,12.369,0,12.368,12.376,12.375,12.396
"P42",12.5265,0,0,0,0,0,0,0,0,0,12.506,0,0,0,0,0,0,0,0,0,0,0,12.527,0,0,0
"P43",12.99825,12.975,13.058,12.962,13.01,13.03,12.968,12.982,13.01,12.975,12.948,13.01,12.955,12.982,13.017,12.968,12.968,12.996,12.996,12.996,12.948,12.982,13.03,0,13.023,12.989
"P44",13.13532,13.134,13.134,13.134,13.161,13.168,13.127,13.127,13.127,13.127,13.127,13.127,13.127,13.127,13.127,13.127,13.12,13.127,13.127,13.127,13.12,13.12,13.12,13.086,13.12,13.12
"P45",13.135,0,0,0,0,0,0,0,0,0,0,0,0,0,0,0,0,0,0,0,0,0,0,13.12,0,0
"P46",13.51625,0,0,0,0,0,0,0,0,0,0,0,0,0,0,0,0,0,13.513,0,13.486,0,0,0,13.52,13.486
"P47",13.7394,0,13.747,0,13.768,13.768,0,0,13.72,13.727,13.72,13.727,0,13.727,13.727,13.72,13.713,13.727,13.72,13.72,13.72,13.727,13.72,13.762,13.741,13.727
"P48",13.822,0,0,0,0,0,0,13.817,0,0,0,0,0,0,0,0,0,0,0,0,0,0,0,0,0,0
"P49",14.0866,0,14.092,14.079,14.113,14.154,14.14,14.058,14.058,14.058,0,14.065,14.106,0,0,14.072,14.058,0,14.065,14.058,14.065,14.065,14.051,14.072,14.058,14.065
"P50",14.6138571428571,0,14.596,0,0,0,14.609,14.616,14.603,0,0,0,0,0,0,0,0,0,14.596,0,14.596,0,14.596,0,0,0
"P51",14.8098235294118,14.81,14.809,14.803,14.83,14.837,14.795,14.796,14.796,0,14.809,0,0,0,0,0,0,0,14.796,14.796,14.789,14.796,14.789,14.803,14.789,14.789
"P52",15.0675384615385,0,15.044,0,0,0,0,15.037,15.071,0,0,0,15.037,0,0,15.058,0,15.037,15.051,15.037,0,15.051,15.113,15.044,15.099,15.044
"P53",15.215,0,0,0,15.23,0,0,0,0,0,0,0,0,0,0,0,0,0,0,0,0,0,0,0,0,0
"P54",15.299,0,0,15.299,0,15.326,15.264,0,15.285,0,0,0,0,0,0,15.292,0,0,0,15.292,0,15.272,0,0,15.292,0
"P55",15.511,0,0,0,0,0,0,0,0,0,0,0,0,0,0,15.506,0,0,0,0,0,0,0,0,0,0
"P56",15.6738333333333,0,15.678,0,15.644,0,15.678,0,0,0,15.678,0,0,0,15.671,0,0,0,0,0,0,0,0,0,15.664,0
"P57",16.1543846153846,0,0,16.154,16.175,16.181,0,16.154,16.133,0,16.147,0,0,0,0,16.147,16.147,0,0,16.154,16.127,0,16.133,0,16.133,16.127
"P58",16.224875,16.23,16.195,0,0,0,0,0,16.216,0,0,16.237,0,0,16.223,0,0,0,0,0,0,0,16.209,16.203,16.216,0
"P59",16.3266666666667,0,16.312,0,0,0,0,0,0,0,0,0,0,0,0,0,0,0,0,0,0,0,0,16.32,16.313,0
"P60",16.483,0,16.478,0,0,0,0,0,0,0,0,0,0,0,0,0,0,0,0,0,0,0,0,0,0,0
"P61",16.6523636363636,0,16.637,0,0,0,16.643,16.644,16.63,0,0,0,0,0,16.637,0,0,0,0,16.644,16.637,16.644,16.644,16.637,16.644,0
"P62",16.7642941176471,16.768,16.761,16.747,16.802,16.795,16.747,16.747,0,0,0,16.761,0,0,0,0,16.747,0,16.754,16.747,16.747,16.747,16.747,16.747,16.747,16.747
"P63",16.931,0,0,0,0,0,0,0,0,0,0,0,0,0,0,16.926,0,0,0,0,0,0,0,0,0,0
"P64",17.0458,0,0,17.037,0,0,0,0,17.037,0,0,0,0,0,0,0,0,0,17.023,0,0,0,0,17.037,17.03,0
"P65",17.125375,0,17.126,0,0,0,17.112,0,0,0,17.106,0,0,0,17.119,0,0,0,0,17.112,17.113,0,17.113,0,17.112,0
"P66",17.22316,17.223,17.216,17.216,17.257,17.25,17.216,17.216,17.216,17.209,17.216,17.209,17.209,17.209,17.216,17.216,17.209,17.209,17.209,17.209,17.209,17.209,17.209,17.209,17.209,17.209
"P67",17.35584,17.354,17.354,17.347,17.381,17.388,17.347,17.347,17.347,17.347,17.347,17.347,17.347,17.347,17.347,17.34,17.34,17.347,17.34,17.347,17.34,17.34,17.34,17.34,17.34,17.34
"P68",17.476,0,0,0,0,0,0,17.485,0,0,0,0,0,0,0,17.457,0,0,0,0,0,0,0,0,0,0
"P69",17.6096666666667,0,0,0,0,17.629,0,0,0,0,0,0,0,0,0,0,0,0,17.595,17.595,0,17.588,0,17.589,0,17.602
"P70",17.7722608695652,17.768,17.76,17.761,17.809,17.802,17.76,17.768,17.761,17.754,17.761,17.768,17.768,17.761,17.761,17.754,0,17.775,17.754,17.761,17.754,17.761,0,17.761,17.761,17.754
"P71",17.911,0,0,0,0,0,0,0,0,0,0,0,0,0,0,17.906,0,0,0,0,0,0,0,0,0,0
"P72",18.18375,0,18.174,18.175,0,18.216,18.174,0,0,18.168,18.174,0,0,0,18.174,0,0,0,0,0,18.175,0,0,0,0,0
"P73",18.4025,0,0,0,0,0,0,18.395,0,0,0,0,18.388,18.395,18.402,0,0,0,0,0,0,0,0,0,0,0
"P74",18.642,0,18.629,0,0,0,0,0,0,0,18.623,0,18.65,0,18.636,0,0,0,0,0,0,0,0,0,0,0
"P75",18.7597333333333,0,0,18.761,0,0,18.76,0,18.754,0,18.747,18.747,0,0,0,0,18.733,18.747,18.747,18.747,18.74,18.747,18.74,18.754,18.747,18.74
"P76",18.855,0,18.857,0,0,0,0,0,0,0,18.843,0,0,0,0,0,0,0,0,0,0,0,0,0,0,0
"P77",19.024,0,0,0,0,0,0,0,0,0,0,0,0,0,0,0,0,0,0,0,0,0,19.009,0,0,0
"P78",19.19,0,19.195,0,0,0,19.188,0,0,19.181,19.181,19.181,0,0,19.174,0,0,0,0,0,0,0,0,0,0,0
"P79",19.3823333333333,0,0,0,0,0,0,0,0,0,0,0,0,0,0,0,0,0,19.333,0,19.388,0,19.381,0,0,0
"P80",19.5064,0,0,0,0,0,0,0,0,0,0,0,0,0,0,19.498,0,19.505,19.45,0,19.519,0,0,19.505,0,0
"P81",19.52505,19.533,19.519,19.512,19.547,19.553,19.519,19.512,19.512,19.519,19.519,19.512,19.519,0,19.512,0,19.512,0,19.512,19.505,0,19.505,19.505,0,19.505,19.519
"P82",19.72,0,0,0,0,0,0,0,0,0,0,0,19.705,0,0,0,0,0,0,0,0,0,0,0,0,0
"P83",19.8275454545455,0,19.808,19.829,0,19.864,19.815,19.816,19.816,19.816,19.815,19.822,19.816,19.809,19.815,19.816,0,19.816,19.823,19.822,19.816,19.816,19.816,19.809,19.815,19.816
"P84",20.295,0,0,0,20.298,0,0,0,0,0,20.353,0,0,0,0,0,0,0,20.278,20.27,20.264,0,20.271,20.278,20.27,20.278
"P85",20.529,0,0,20.505,0,0,0,0,0,0,0,0,0,0,0,0,0,0,0,0,0,0,0,0,0,20.533
"P86",20.676,0,0,0,20.691,0,0,0,0,0,0,0,0,0,0,0,0,0,0,0,0,0,0,0,0,0
"P87",20.747,0,0,0,20.767,0,20.712,0,0,0,0,0,0,0,0,0,0,0,0,0,0,0,0,20.747,0,0
"P88",20.824,0,0,0,0,0,0,0,0,0,0,0,0,0,0,0,0,0,0,0,0,0,0,20.809,0,0
"P89",21.07325,0,21.07,21.071,21.098,21.105,21.056,21.064,21.064,21.064,21.064,21.057,21.064,21.05,21.064,21.057,21.077,21.064,21.064,21.057,21.057,21.057,21.057,21.057,21.063,21.057
"P90",21.20168,21.195,21.194,21.195,21.257,21.229,21.187,21.188,21.188,21.188,21.186,21.188,21.188,21.181,21.188,21.188,21.181,21.188,21.209,21.208,21.188,21.202,21.188,21.181,21.181,21.181
"P91",21.5825333333333,0,0,21.567,21.601,0,0,21.615,21.567,0,0,21.574,21.602,0,21.567,21.615,0,0,21.546,21.553,21.546,21.546,21.567,21.567,21.56,0
"P92",21.7236,21.726,21.718,21.719,21.753,21.753,21.712,21.719,21.712,21.712,21.712,21.712,21.712,21.712,21.712,21.712,21.712,21.712,21.712,21.712,21.712,21.712,21.712,21.705,21.705,21.705
"P93",21.844,0,0,0,0,0,0,0,0,0,0,0,0,0,0,0,0,0,0,0,0,0,21.829,0,0,0
"P94",21.937,0,0,0,0,0,0,0,0,21.932,21.932,0,0,0,0,0,0,0,0,0,0,0,0,0,0,0
"P95",22.07075,0,0,0,0,0,0,0,0,22.043,0,0,0,0,0,0,22.077,0,0,0,0,0,0,22.036,22.077,0
"P96",22.248625,22.257,22.242,22.236,22.277,22.277,0,22.243,22.236,22.236,22.243,22.236,22.236,22.243,22.236,22.236,22.236,22.236,22.236,22.236,22.236,22.236,22.236,22.229,22.236,22.236
"P97",22.4826,0,22.47,0,0,0,22.484,0,0,0,22.47,0,0,22.484,22.47,0,0,0,0,0,0,0,0,0,0,0
"P98",22.6724,0,0,22.705,0,0,0,0,0,0,0,0,0,0,0,0,0,0,0,0,0,0,22.636,22.657,22.649,22.65
"P99",22.849,0,22.842,0,0,0,0,0,0,0,0,0,0,0,0,0,0,0,0,0,22.836,0,0,0,0,0
"P100",22.934,0,0,0,0,0,0,0,0,0,0,0,0,0,0,0,0,0,22.919,0,0,0,0,0,0,0
"P101",23.0775294117647,0,23.111,23.077,23.112,0,23.084,0,23.063,0,23.07,23.049,0,0,0,0,23.056,23.056,23.057,23.063,23.063,23.057,23.049,23.057,23.056,23.063
"P102",23.1316666666667,23.139,0,0,0,0,0,0,0,0,0,0,0,0,0,0,0,0,23.112,0,0,0,0,23.119,0,0
"P103",23.3061666666667,0,0,0,0,0,0,0,23.284,23.291,0,23.291,23.312,0,0,0,0,0,23.298,0,23.291,0,0,0,0,0
"P104",23.3879285714286,0,23.373,0,0,0,23.36,23.353,0,0,23.36,0,0,23.353,23.353,0,0,0,23.401,23.387,23.394,23.394,23.387,23.381,23.387,23.388
"P105",23.5752,0,0,0,0,0,0,0,0,0,0,23.567,0,0,0,23.567,23.567,0,0,0,0,0,23.56,0,0,23.56
"P106",23.658,0,0,0,0,0,0,0,0,0,0,0,0,0,0,0,0,0,23.643,0,0,23.643,0,0,0,0
"P107",23.7435,0,0,0,0,0,0,0,0,0,0,0,0,0,0,0,0,0,23.732,0,0,23.725,0,0,0,0
"P108",23.82045,0,23.808,23.836,23.842,23.849,23.808,23.836,23.815,23.801,0,23.815,23.808,0,23.808,23.808,0,23.801,23.801,23.808,23.794,0,23.801,23.801,23.808,23.801
"P109",23.9626153846154,23.953,0,0,0,23.994,23.946,23.953,23.953,0,0,23.946,23.946,0,23.953,23.953,0,0,0,0,0,23.96,23.953,23.939,23.96,0
"P110",24.068,0,0,24.063,0,0,0,0,0,0,0,0,0,0,0,0,0,0,0,0,0,0,0,0,0,0
"P111",24.16588,24.167,24.159,24.153,24.194,24.194,24.152,24.153,24.153,24.16,24.153,24.16,24.153,24.153,24.16,24.146,24.18,24.153,24.146,24.159,24.146,24.153,24.153,24.153,24.153,24.146
"P112",24.386,0,0,0,0,0,0,0,0,24.367,0,0,0,0,24.394,24.373,0,0,0,0,0,0,0,0,24.38,0
"P113",24.54728,24.539,24.546,24.539,24.573,24.58,24.539,24.539,24.539,24.539,24.539,24.539,24.539,24.539,24.539,24.539,24.539,24.532,24.532,24.532,24.532,24.532,24.525,24.532,24.532,24.532
"P114",24.634,0,0,0,0,0,0,0,0,0,0,0,0,0,0,24.629,0,0,0,0,0,0,0,0,0,0
"P115",24.74,0,0,0,0,0,0,0,0,0,0,0,24.732,0,0,0,0,0,24.718,0,0,0,0,0,0,0
"P116",25.1648125,25.173,25.166,25.091,25.194,0,0,25.16,25.159,25.166,0,25.166,0,25.16,25.146,0,0,0,25.166,25.152,25.16,25.153,25.159,25.146,0,0
"P117",25.29896,25.298,25.29,25.291,25.332,25.332,25.283,25.291,25.29,25.291,25.284,25.29,25.284,25.291,25.29,25.291,25.29,25.291,25.284,25.283,25.284,25.284,25.284,25.284,25.283,25.284
"P118",25.4346,25.442,25.435,0,0,25.476,25.428,0,25.435,0,25.428,25.428,0,25.442,0,0,0,25.429,0,0,0,0,0,0,0,25.353
"P119",25.5136923076923,25.518,0,25.504,0,0,0,25.504,0,25.497,0,0,25.511,0,25.511,25.504,0,0,25.511,25.497,25.491,25.504,0,25.504,0,25.497
"P120",25.6925,0,25.67,0,0,0,0,0,0,0,0,0,0,0,0,0,0,0,0,25.683,25.677,0,25.69,0,0,0
"P121",25.81256,25.815,25.807,25.815,25.842,25.842,25.8,25.801,25.801,25.801,25.801,25.801,25.801,25.801,25.801,25.801,25.801,25.801,25.801,25.801,25.801,25.801,25.801,25.794,25.794,25.794
"P122",25.871,0,0,0,0,0,25.856,0,0,0,0,0,0,0,0,0,0,0,0,0,0,0,0,0,0,0
"P123",25.9592,0,0,0,0,0,0,0,0,25.959,0,0,0,0,0,25.952,25.932,0,0,0,25.946,0,25.952,0,0,0
"P124",26.112,0,0,0,0,0,0,0,0,0,0,0,0,0,0,0,0,0,26.097,0,0,0,0,0,0,0
"P125",26.21116,26.201,26.2,26.208,26.242,26.249,26.2,26.201,26.201,26.201,26.201,26.201,26.194,26.194,26.208,26.201,26.201,26.208,26.194,26.194,26.194,26.201,26.194,26.201,26.201,26.194
"P126",26.3633333333333,0,0,0,26.387,0,0,0,0,0,0,0,0,0,0,0,0,0,26.359,26.352,0,0,26.345,0,26.345,26.332
"P127",26.6569523809524,26.67,26.656,26.642,26.683,0,0,26.642,26.642,26.642,0,26.642,0,26.642,26.635,26.642,26.663,26.649,26.635,26.656,26.649,26.649,26.649,26.635,26.649,26.649
"P128",27.05048,27.049,27.028,27.083,27.083,27.069,27.028,27.021,27.035,27.028,27.021,27.021,27.021,27.021,27.028,27.035,27.049,27.028,27.063,27.069,27.063,27.056,27.035,27.035,27.049,27.049
"P129",27.2133333333333,0,0,0,0,0,0,0,0,0,0,0,27.194,0,0,0,0,0,0,0,0,27.221,0,27.18,0,0
"P130",27.425,0,0,0,27.456,0,0,0,27.394,0,0,0,0,0,0,0,0,0,0,0,0,0,0,0,0,0
"P131",27.5417391304348,27.545,27.538,27.539,27.573,27.573,27.531,27.538,27.531,27.532,27.531,27.532,27.532,27.532,27.531,27.532,27.518,27.532,0,0,27.525,27.525,27.531,27.525,27.524,27.525
"P132",27.7058,27.711,27.711,0,27.745,0,27.704,27.711,0,27.704,27.704,27.704,0,27.711,27.711,27.697,27.711,27.704,27.642,27.704,27.697,27.635,27.697,27.704,0,27.649
"P133",27.7203333333333,0,0,27.711,0,27.752,0,0,27.711,0,0,0,27.704,0,0,0,0,0,0,0,0,0,0,0,27.697,27.697
"P134",27.9525,0,0,0,27.973,0,0,0,0,0,0,0,0,0,0,0,0,0,0,0,0,0,0,27.932,0,0
"P135",28.1099583333333,28.104,28.097,28.104,28.145,28.145,28.097,28.104,28.097,28.097,28.097,28.097,28.097,28.097,28.104,28.097,0,28.09,28.104,28.097,28.104,28.09,28.097,28.104,28.097,28.097
"P136",28.305,0,0,0,0,0,0,0,0,0,0,0,28.29,0,0,0,0,0,0,0,0,0,0,0,0,0
"P137",28.483,0,0,28.511,0,0,0,0,0,0,0,0,0,0,0,0,28.435,0,0,0,0,0,0,0,0,0
"P138",28.646,0,28.641,0,0,0,0,0,0,0,0,0,0,0,0,0,0,0,0,0,0,0,0,0,0,0
"P139",28.8078,28.807,28.8,28.807,28.828,28.841,0,28.8,28.8,28.793,28.8,28.793,0,0,28.8,28.8,28.786,0,28.8,28.8,28.794,28.794,28.793,28.787,28.793,0
"P140",28.8726666666667,0,0,0,0,0,0,0,0,0,0,0,28.862,28.869,28.862,0,0,0,0,0,0,0,0,0,0,0
"P141",28.9411904761905,0,28.938,28.931,28.986,28.972,28.931,0,28.931,28.931,28.931,28.931,0,28.931,28.924,28.924,0,28.924,28.931,28.931,28.925,28.931,28.924,28.925,28.924,28.924
"P142",29.05264,29.049,29.041,29.049,29.09,29.09,29.041,29.042,29.042,29.042,29.048,29.042,29.042,29.042,29.042,29.042,29.035,29.042,29.042,29.041,29.035,29.042,29.035,29.035,29.035,29.035
"P143",29.15916,29.152,29.152,29.152,29.193,29.193,29.145,29.152,29.152,29.145,29.152,29.145,29.152,29.145,29.152,29.152,29.145,29.145,29.145,29.145,29.145,29.145,29.145,29.145,29.145,29.145
"P144",29.266,29.262,29.255,29.262,29.304,29.303,29.255,29.255,29.255,29.255,29.255,29.255,29.255,29.249,29.255,29.255,29.255,29.255,29.255,29.255,29.249,29.249,29.248,29.256,29.248,29.255
"P145",29.343,0,0,0,0,0,0,29.338,0,0,0,0,0,0,0,0,0,0,0,0,0,0,0,0,0,0
"P146",29.43075,0,0,0,0,0,0,0,29.428,0,0,0,0,0,0,0,0,0,29.407,0,0,0,0,29.407,29.421,0
"P147",29.55072,29.545,29.565,29.545,29.579,29.593,29.552,29.538,29.566,29.531,29.545,29.552,29.531,29.531,29.531,29.531,29.538,29.545,29.538,29.531,29.531,29.531,29.531,29.531,29.531,29.531
"P148",29.654,0,0,29.649,0,0,0,0,0,0,0,0,0,0,0,0,0,0,0,0,0,0,0,0,0,0
"P149",29.801,0,29.793,29.8,0,29.841,29.793,0,29.793,0,29.786,29.786,0,29.786,0,0,0,29.786,0,0,0,0,0,0,0,0
"P150",29.939375,0,29.931,0,0,29.965,29.917,29.952,29.945,0,29.917,29.931,0,0,0,0,0,29.917,0,0,0,0,0,0,0,0
"P151",30.07,0,0,0,0,0,0,0,0,0,0,0,0,0,0,0,0,0,0,30.055,0,0,0,0,0,0
"P152",30.1753571428571,30.2,30.179,0,30.234,30.2,30.145,30.159,30.186,30.152,30.159,30.159,30.152,30.152,0,0,0,30.166,0,0,0,0,0,30.152,0,0
"P153",30.3088,30.317,30.289,0,30.365,30.324,30.282,30.29,30.303,30.283,30.283,30.29,30.283,30.283,30.288,30.317,0,30.297,0,0,0,30.338,30.29,30.269,30.338,30.317
"P154",30.3898,0,0,30.366,0,0,0,0,0,0,0,0,0,0,0,0,30.4,0,30.373,30.379,30.366,0,0,0,0,0
"P155",30.574,0,30.565,0,0,0,0,30.566,30.559,30.593,0,0,0,0,30.559,0,0,0,0,0,0,0,30.552,0,0,0
"P156",30.7036,30.704,0,30.717,30.731,0,0,0,0,0,0,0,0,0,0,30.69,30.724,30.69,30.655,0,0,0,0,30.662,30.703,30.69
"P157",30.7938260869565,30.807,30.813,0,30.807,30.855,30.807,30.765,30.807,30.807,30.807,30.807,30.8,30.759,30.807,30.765,0,30.8,30.772,30.738,30.731,30.759,30.759,30.8,30.752,30.759
"P158",30.925,30.924,30.917,30.924,0,0,30.917,30.876,0,30.924,30.924,30.917,0,30.924,30.917,30.924,0,30.917,0,0,0,0,30.917,30.924,30.917,30.917
"P159",31.0413333333333,0,0,31.062,0,0,0,0,0,0,31.02,0,0,0,31.027,0,0,0,0,0,0,0,0,0,0,0
"P160",31.1838,0,31.179,0,0,0,0,31.179,31.179,0,0,0,0,0,31.165,0,0,0,0,0,0,0,31.172,0,0,0
"P161",31.2898,31.29,31.282,31.283,31.324,31.324,31.282,31.283,31.276,31.276,31.283,31.283,31.283,31.283,31.276,31.283,31.283,31.276,31.269,31.276,31.269,31.276,31.269,31.276,31.269,31.276
"P162",31.4982,31.496,0,0,0,0,31.489,0,0,0,0,0,0,0,0,31.489,0,0,0,0,0,0,0,31.49,31.482,0
"P163",31.6276666666667,0,0,31.655,0,0,0,31.586,0,0,31.627,0,0,0,0,0,0,0,0,0,0,0,0,0,0,0
"P164",31.719347826087,31.717,31.71,0,31.751,31.751,31.71,31.71,31.71,31.71,31.71,31.71,31.71,31.71,31.71,31.71,0,31.71,31.703,31.71,31.703,31.703,31.703,31.703,31.703,31.703
"P165",31.8425,0,0,31.834,0,0,0,0,0,0,0,0,0,0,0,31.848,0,0,0,0,0,0,0,31.828,31.82,0
"P166",32.103,32.096,32.096,32.096,32.138,32.137,32.089,32.103,32.089,0,32.096,32.089,0,0,32.096,32.089,0,32.089,32.089,32.082,32.083,0,32.103,32.083,32.089,0
"P167",32.221,0,0,0,0,0,32.206,0,0,0,0,0,0,0,0,0,0,0,0,0,0,0,0,0,0,0
"P168",32.367375,32.386,0,32.372,32.386,32.399,32.337,32.372,32.372,32.365,32.338,32.358,32.338,32.345,32.393,32.358,32.338,32.331,32.365,32.351,32.372,32.338,32.393,32.338,32.351,32.331
"P169",32.4372307692308,0,32.406,0,32.469,0,32.427,0,0,32.434,32.42,32.434,32.427,32.427,0,0,0,32.427,32.434,32.427,0,0,0,32.427,0,32.42
"P170",32.53056,32.531,32.537,32.517,32.558,32.565,32.517,32.524,32.517,32.524,32.517,32.531,32.517,32.517,32.531,32.517,32.51,32.517,32.517,32.517,32.517,32.503,32.524,32.517,32.517,32.51
"P171",32.64368,32.641,32.641,32.634,32.675,32.675,32.627,32.634,32.627,32.634,32.634,32.641,32.627,32.634,32.634,32.634,32.627,32.634,32.627,32.627,32.627,32.627,32.634,32.634,32.634,32.634
"P172",32.8065625,32.786,0,32.807,32.82,0,0,32.827,32.779,0,32.827,0,32.82,0,32.827,32.772,32.806,0,32.779,32.772,32.772,32.772,32.772,0,32.827,0
"P173",32.848,0,32.841,0,0,32.875,32.82,0,0,32.834,0,32.834,0,32.834,0,0,0,0,0,0,32.869,0,0,32.827,0,0
"P174",33.04388,33.041,33.068,33,33.068,33.089,33.006,33.069,32.986,33.048,33.034,33.055,33.007,33.055,33.034,33.055,33.069,33.027,32.993,33.034,33,33.007,33.027,33.027,33.041,33.062
"P175",33.150125,0,33.158,33.131,0,33.192,33.13,0,33.124,0,33.137,33.151,0,0,0,0,0,33.138,0,0,0,0,0,0,0,0
"P176",33.4190625,33.42,33.427,33.372,0,0,33.399,33.42,0,33.413,0,0,33.406,33.413,0,33.42,0,33.4,33.406,33.406,33.407,0,0,33.413,33.42,33.413
"P177",33.5448181818182,33.558,33.516,33.531,0,33.585,33.537,33.503,33.537,33.544,0,33.551,33.538,33.531,33.517,33.537,0,33.551,33.524,33.544,33.531,33.538,33.51,33.538,33.537,33.538
"P178",33.671,0,0,0,0,0,0,0,0,0,0,0,0,0,0,33.662,33.668,0,33.648,0,0,0,0,0,0,0
"P179",33.732,0,0,0,0,0,0,0,0,0,0,0,0,0,0,0,0,0,33.717,0,0,0,0,0,0,0
"P180",33.828,0,0,0,0,0,0,0,0,0,0,0,0,0,0,0,0,0,33.813,0,0,0,0,0,0,0
"P181",33.9811111111111,33.986,0,0,0,0,33.965,33.979,33.965,0,0,0,33.979,33.979,0,0,0,0,0,0,0,33.965,33.979,33.938,0,0
"P182",34.157,34.144,34.144,34.234,34.179,34.192,34.144,34.192,34.137,34.144,34.144,34.144,34.137,34.137,34.144,34.144,34.137,34.137,34.137,34.137,34.137,34.137,34.137,34.137,34.137,34.137
"P183",34.2692105263158,34.268,34.261,0,0,0,34.261,0,0,34.261,34.261,34.261,34.262,34.262,34.261,34.261,34.261,34.268,0,34.254,34.255,34.255,34.254,34.255,34.254,34.255
"P184",34.3851666666667,0,34.351,0,0,0,0,34.441,34.351,0,0,0,0,0,0,0,0,34.413,34.344,0,0,0,34.351,0,0,0
"P185",34.5808,34.579,34.578,34.572,34.613,34.613,34.565,34.572,34.565,34.572,34.572,34.572,34.565,34.572,34.572,34.572,34.572,34.572,34.565,34.565,34.565,34.565,34.565,34.565,34.565,34.572
"P186",34.7715,0,0,0,0,0,0,0,0,0,0,0,0,0,0,34.758,0,0,0,0,0,0,0,34.765,0,0
"P187",34.89975,0,0,34.868,0,0,0,0,0,0,0,0,0,0,0,0,0,0,34.889,0,0,0,34.896,0,34.896,0
"P188",35.04,35.027,35.033,35.041,0,0,35.027,35.034,35.034,35.034,35.034,35.034,35.027,35.027,35.034,35.034,0,35.034,35.027,35.034,35.027,35.02,35.027,35.027,35.027,35.027
"P189",35.14275,35.13,35.137,35.158,0,35.178,35.13,35.137,35.13,35.13,35.13,35.13,35.13,35.137,35.137,35.13,0,35.137,0,0,35.13,35.124,0,35.13,35.13,35.13
"P190",35.3422,35.33,35.33,0,35.378,35.371,35.323,35.33,0,0,35.323,35.323,35.337,35.344,35.351,35.316,0,35.323,35.33,35.351,35.323,35.344,0,35.317,35.323,35.337
"P191",35.462,0,0,0,0,0,35.447,0,0,0,0,0,0,0,0,0,0,0,0,0,0,0,0,0,0,0
"P192",35.5693333333333,35.565,0,0,35.599,0,35.551,0,0,35.565,0,0,35.558,35.558,0,0,0,0,0,0,0,0,0,0,0,0
"P193",35.6693333333333,0,0,0,0,0,0,0,0,35.661,0,0,0,0,0,0,0,35.661,0,35.661,0,0,0,0,0,0
"P194",35.736125,35.737,35.737,0,35.765,35.771,35.723,35.723,35.716,35.73,35.723,35.737,35.723,35.73,35.73,35.723,35.723,35.723,35.723,35.723,35.716,35.716,35.716,35.723,35.723,35.723
"P195",35.85172,35.848,35.854,35.799,35.875,35.888,35.84,35.847,35.834,35.847,35.84,35.854,35.841,35.847,35.84,35.847,35.84,35.847,35.834,35.84,35.834,35.834,35.84,35.841,35.84,35.847
"P196",36.025,0,0,0,0,0,0,36.02,0,0,0,0,0,0,0,0,0,0,0,0,0,0,0,0,0,0
"P197",36.20164,36.206,36.261,36.172,36.227,36.247,36.157,36.22,36.158,36.206,36.178,36.213,36.158,36.213,36.178,36.192,36.206,36.199,36.172,36.199,36.178,36.165,36.171,36.172,36.185,36.213
"P198",36.3474545454545,0,36.371,0,0,36.385,36.323,36.344,36.323,0,36.33,36.344,0,0,0,36.33,36.337,36.337,0,0,0,0,0,36.323,0,0
"P199",36.5024,0,0,36.482,36.502,0,36.502,0,0,0,36.502,0,0,0,36.509,0,0,0,0,0,0,0,0,0,0,0
"P200",36.62996,36.62,36.626,36.613,36.668,36.681,36.619,36.62,36.64,36.613,36.606,36.613,36.606,36.613,36.626,36.613,36.64,36.613,36.606,36.633,36.62,36.627,36.62,36.606,36.606,36.606
"P201",36.742,0,0,36.737,0,0,0,0,0,0,0,0,0,0,0,0,0,0,0,0,0,0,0,0,0,0
"P202",36.9055714285714,36.909,36.909,36.896,0,36.937,36.902,36.902,36.882,36.895,36.888,36.895,36.889,0,0,36.902,36.895,36.902,36.889,36.895,36.889,36.889,36.889,36.896,36.882,0
"P203",37.0835714285714,37.068,0,0,0,0,0,0,37.109,37.061,0,37.089,37.054,37.068,0,0,37.068,37.102,0,37.075,0,37.054,37.068,37.068,37.061,37.075
"P204",37.23825,37.22,0,0,37.275,0,0,37.226,0,37.233,0,0,37.213,37.22,0,37.24,37.233,37.233,37.227,37.226,37.22,0,37.226,37.227,37.226,37.227
"P205",37.33904,37.351,37.329,37.33,37.371,37.371,37.323,37.323,37.323,37.316,37.323,37.33,37.316,37.323,37.316,37.323,37.351,37.33,37.344,37.35,37.302,37.344,37.344,37.309,37.316,37.323
"P206",37.521,0,0,0,0,0,0,37.516,0,0,0,0,0,0,0,0,0,0,0,0,0,0,0,0,0,0
"P207",37.62436,37.62,37.619,37.62,37.661,37.661,37.612,37.619,37.613,37.613,37.612,37.619,37.613,37.613,37.612,37.613,37.613,37.613,37.613,37.612,37.606,37.606,37.606,37.606,37.606,37.613
"P208",37.9206666666667,0,0,0,0,0,0,0,0,37.895,0,0,37.909,0,0,0,0,0,0,0,0,0,0,37.923,0,0
"P209",38.100652173913,38.116,38.102,0,38.143,38.143,38.047,38.109,38.061,38.095,38.054,38.054,38.102,38.088,38.102,38.102,0,38.054,38.095,38.095,38.102,38.095,38.095,38.089,38.095,38.102
"P210",38.224,0,0,38.233,0,0,38.205,0,38.199,0,0,0,0,0,0,0,0,0,0,0,0,0,0,0,0,0
"P211",38.2919565217391,38.295,38.288,0,38.323,38.329,38.274,38.288,0,38.281,38.281,38.288,38.275,38.275,38.281,38.281,38.281,38.282,38.282,38.274,38.275,38.275,38.281,38.275,38.274,38.282
"P212",38.5372857142857,38.53,0,38.53,0,0,38.536,38.53,0,38.53,0,0,38.53,38.53,0,0,0,0,0,0,0,0,0,0,0,0
"P213",38.71056,38.709,38.709,38.702,38.743,38.743,38.702,38.702,38.695,38.702,38.695,38.709,38.695,38.702,38.702,38.702,38.702,38.702,38.695,38.695,38.695,38.688,38.695,38.695,38.695,38.695
"P214",38.82172,38.826,38.826,38.778,38.854,38.853,38.812,38.826,38.799,38.819,38.805,38.826,38.806,38.819,38.805,38.819,38.812,38.819,38.799,38.805,38.799,38.806,38.812,38.806,38.805,38.812
"P215",39.10836,39.116,39.157,39.102,39.143,39.136,39.074,39.123,39.074,39.102,39.061,39.123,39.062,39.109,39.088,39.109,39.081,39.109,39.116,39.122,39.088,39.081,39.081,39.095,39.081,39.081
"P216",39.2986666666667,0,0,39.295,0,0,0,0,39.281,0,0,0,0,0,0,0,0,39.295,0,0,0,0,0,0,0,0
"P217",39.383,0,39.378,39.378,0,39.419,39.378,39.371,39.371,39.371,39.377,39.371,39.371,39.378,39.378,39.371,0,39.378,0,0,0,0,0,39.364,39.364,0
"P218",39.5229166666667,39.516,39.522,39.516,39.557,39.557,39.509,39.516,39.509,39.509,0,39.523,39.516,39.509,39.509,39.523,39.509,39.516,39.509,39.509,39.502,39.509,39.502,39.509,39.502,39.502
"P219",39.7475,0,0,39.723,0,0,0,39.716,0,0,0,39.729,0,0,0,39.709,39.723,0,0,0,39.764,0,39.771,39.764,39.757,39.709
"P220",40.1,0,0,0,0,0,0,0,0,0,0,0,0,40.095,0,0,0,0,0,0,0,0,0,0,0,0
"P221",40.1806,40.178,40.184,40.178,40.219,40.219,40.177,40.171,40.178,40.164,40.171,40.178,40.157,40.171,40.178,40.164,40.157,40.171,40.164,40.164,40.164,40.164,40.164,40.164,40.164,40.157
"P222",40.4538,40.454,40.446,40.447,40.488,40.488,40.439,40.447,40.447,40.447,40.44,40.447,40.44,40.447,40.447,40.447,40.44,40.44,40.44,40.44,40.433,40.44,40.433,40.433,40.44,40.44
"P223",40.57725,0,0,0,40.646,0,40.543,0,40.55,0,40.55,0,0,0,0,0,0,0,0,0,0,0,0,0,0,0
"P224",40.752,0,0,0,0,0,40.757,0,0,40.771,40.743,40.743,0,40.757,40.743,0,0,0,0,0,0,0,0,0,40.695,0
"P225",40.87924,40.881,40.874,40.867,40.909,40.915,40.867,40.874,40.867,40.874,40.874,40.874,40.867,40.867,40.867,40.874,40.867,40.867,40.867,40.86,40.86,40.86,40.867,40.867,40.86,40.86
"P226",40.951,0,0,0,0,0,0,0,0,0,0,0,0,0,0,0,0,0,0,0,0,0,0,0,0,40.936
"P227",41.11275,41.109,41.108,41.102,41.15,41.143,41.094,41.102,0,41.109,41.102,41.109,41.102,41.095,41.095,41.109,41.102,41.102,41.102,41.101,41.102,41.095,41.095,41.102,41.101,41.095
"P228",41.30825,41.35,41.301,41.302,0,41.336,41.294,41.302,41.302,41.302,41.302,41.295,41.316,41.302,41.302,41.295,41.288,41.295,0,0,0,41.281,0,41.288,41.281,41.281
"P229",41.4853043478261,41.488,41.481,41.474,41.522,41.515,41.474,41.474,41.474,41.474,41.467,41.474,41.474,41.474,41.474,41.48,41.474,41.474,41.474,0,41.467,0,41.467,41.474,41.474,41.474
"P230",41.5698571428571,41.584,0,0,41.57,41.618,0,41.577,41.577,0,41.564,41.577,0,41.578,41.577,41.577,0,0,41.529,41.536,41.522,41.522,0,0,0,0
"P231",41.811,41.805,41.812,41.798,41.846,41.839,41.791,41.798,41.791,41.791,41.791,41.805,41.791,41.798,41.791,41.798,41.791,41.805,41.833,41.839,41.798,41.798,41.784,41.812,41.791,41.784
"P232",41.914,0,0,0,41.929,0,0,0,0,0,0,0,0,0,0,0,0,0,0,0,0,0,0,0,0,0
"P233",42.044,0,0,0,0,0,0,42.039,0,0,0,0,0,0,0,0,0,0,0,0,0,0,0,0,0,0
"P234",42.20432,42.205,42.198,42.198,42.246,42.239,42.184,42.205,42.191,42.198,42.184,42.191,42.191,42.191,42.191,42.198,42.184,42.191,42.198,42.191,42.198,42.191,42.184,42.191,42.191,42.184
"P235",42.39,42.384,42.363,42.439,42.481,42.432,42.37,42.384,42.363,0,42.37,42.35,42.371,42.384,0,42.377,0,42.377,42.377,42.384,42.357,42.371,42.37,42.372,42.37,42.364
"P236",42.578625,0,0,0,0,0,0,42.605,0,42.577,0,0,0,0,42.57,0,0,42.564,42.557,42.563,42.577,0,42.536,0,0,0
"P237",42.689,0,0,0,0,0,42.701,0,0,0,42.674,0,0,0,42.667,0,0,0,0,0,0,0,0,0,0,0
"P238",42.7908333333333,0,0,0,0,0,0,0,0,42.791,0,0,42.757,42.75,42.798,0,0,0,0,0,0,0,0,0,42.791,42.798
"P239",42.90075,0,0,0,42.95,0,0,0,0,0,0,0,0,0,0,0,42.888,0,42.833,42.894,42.888,42.874,42.894,42.895,0,0
"P240",42.9818888888889,0,42.977,42.977,0,43.018,42.963,42.977,42.97,0,42.97,42.97,0,0,0,0,0,42.97,0,0,0,0,0,0,0,0
"P241",43.0980833333333,43.095,43.094,0,43.129,43.135,43.094,43.094,43.081,43.088,43.094,43.088,43.081,43.088,43.094,43.094,43.088,43.081,43.081,43.087,43.081,43.074,43.081,43.081,43.08,43.081
"P242",43.329,0,0,0,0,0,0,0,0,0,0,0,0,0,0,43.329,0,0,0,0,0,0,0,43.315,43.308,0
"P243",43.4975,0,0,0,43.522,0,0,0,43.487,43.467,0,43.487,0,0,0,43.556,0,43.494,43.481,43.467,0,0,0,43.467,43.467,0
"P244",43.749625,43.736,43.749,43.75,43.791,0,0,43.736,0,0,0,0,0,43.736,0,43.736,43.743,0,0,0,0,0,0,0,0,0
"P245",43.85372,43.853,43.853,43.846,43.887,43.887,43.839,43.839,43.853,43.839,43.846,43.846,43.867,43.846,43.839,43.846,43.839,43.839,43.839,43.839,43.839,43.832,43.832,43.839,43.832,43.832
"P246",43.971,0,0,0,0,0,0,0,0,0,0,0,43.956,0,0,0,0,0,0,0,0,0,0,0,0,0
"P247",44.0440588235294,44.046,44.025,44.032,44.08,44.073,44.018,44.039,44.025,0,44.018,44.025,44.039,44.039,0,44.039,44.039,44.025,0,44.06,0,44.032,0,0,0,0
"P248",44.1334,44.136,44.135,44.129,44.17,44.177,44.122,44.129,44.129,44.129,44.122,44.129,44.122,44.122,44.099,44.129,44.129,44.129,44.136,44.142,44.129,44.122,44.074,44.129,44.09,44.081
"P249",44.227,0,0,44.239,0,0,0,0,0,0,0,0,0,0,0,44.205,0,0,0,0,0,0,0,0,0,0
"P250",44.36484,44.363,44.363,44.35,44.398,44.397,44.349,44.349,44.356,44.349,44.349,44.356,44.35,44.349,44.356,44.349,44.349,44.35,44.37,44.37,44.35,44.35,44.342,44.37,44.349,44.343
"P251",44.472,0,0,44.467,0,0,0,0,0,0,0,0,0,0,0,0,0,0,0,0,0,0,0,0,0,0
"P252",44.6205,0,44.611,0,44.625,0,0,0,44.618,0,0,44.618,0,0,0,0,0,0,0,0,0,0,0,0,0,0
"P253",44.7693043478261,44.736,44.784,44.798,0,44.818,44.784,44.777,44.798,44.777,44.784,44.784,44.77,44.777,44.784,44.784,44.708,44.77,44.715,44.715,44.701,44.701,44.715,44.756,44.763,0
"P254",45.02,0,0,0,0,0,45.046,44.991,45.039,45.011,0,45.053,0,0,0,44.998,44.984,44.97,45.039,44.997,44.991,0,44.991,0,0,0
"P255",45.3148571428571,0,45.321,0,45.335,45.356,45.287,45.301,45.322,45.308,0,45.308,45.301,45.301,45.28,45.308,0,45.315,45.301,45.315,45.294,45.28,45.301,45.301,45.301,45.301
"P256",45.5506,45.57,45.535,45.536,45.577,45.57,45.528,45.522,45.528,45.549,45.522,45.528,45.563,45.522,45.528,45.556,45.535,45.522,45.549,45.556,45.529,45.542,45.563,45.549,45.549,45.542
"P257",45.75695,45.763,45.756,45.749,45.839,0,0,45.749,45.742,45.742,0,0,45.735,45.735,45.742,45.742,45.742,0,45.742,45.742,45.742,45.742,45.742,45.729,45.742,45.742
"P258",45.9091666666667,0,0,45.901,0,0,45.894,45.935,45.894,0,45.887,45.894,0,0,0,0,0,0,0,0,0,0,0,0,0,0
"P259",46.23884,46.232,46.238,46.232,46.273,46.28,46.232,46.232,46.232,46.232,46.225,46.232,46.225,46.225,46.232,46.225,46.218,46.225,46.225,46.225,46.225,46.225,46.225,46.218,46.225,46.218
"P260",46.3867777777778,0,46.383,0,0,46.418,46.376,46.384,0,46.384,46.377,46.377,0,46.37,46.377,0,0,0,0,0,0,0,0,0,0,0
"P261",46.49584,46.487,46.494,46.487,46.528,46.535,46.48,46.48,46.487,46.487,46.48,46.487,46.48,46.48,46.487,46.487,46.48,46.48,46.487,46.494,46.48,46.473,46.48,46.48,46.48,46.501
"P262",46.612375,0,46.604,46.597,0,46.652,46.597,0,46.611,0,46.597,46.604,0,0,0,0,0,46.597,0,0,0,0,0,0,0,0
"P263",46.7541304347826,46.756,46.749,46.708,46.79,46.79,46.742,46.749,46.749,46.749,0,46.742,46.742,46.742,46.749,46.749,46.742,46.742,46.742,46.742,46.742,46.735,46.742,46.742,46.735,0
"P264",46.8472,0,46.845,0,0,0,0,0,0,0,0,46.839,0,46.839,0,0,46.846,46.832,0,0,0,0,0,0,0,0
"P265",46.9230454545455,0,46.921,46.928,0,0,46.921,46.914,46.928,46.908,46.921,46.921,46.908,46.915,46.914,46.914,46.908,46.915,46.901,46.914,46.908,46.908,46.901,46.901,46.907,46.901
"P266",47.035,0,0,0,47.045,0,0,0,0,0,0,0,0,0,0,0,0,0,47.025,0,0,0,0,0,0,0
"P267",47.14575,47.149,47.149,47.142,0,47.197,47.142,47.135,47.142,47.128,47.135,47.149,47.128,47.128,47.142,47.135,47.135,47.135,47.128,47.135,47.128,47.128,47.121,47.128,47.128,47.121
"P268",47.283,0,0,0,47.314,0,47.252,0,0,0,0,0,0,0,0,0,0,0,0,0,0,0,0,0,0,0
"P269",47.38,0,0,0,47.411,0,47.349,0,0,0,0,0,0,0,0,0,0,0,0,0,0,0,0,0,0,0
"P270",47.5793125,0,0,47.542,47.611,47.611,47.604,47.542,0,0,0,47.632,0,0,0,47.563,47.563,0,47.563,47.562,47.563,47.577,47.542,47.549,47.556,47.549
"P271",47.692,0,0,0,0,0,0,0,0,47.687,0,0,0,47.687,0,0,0,0,0,0,0,0,0,0,0,0
"P272",47.7774285714286,0,0,0,0,0,0,0,0,0,0,0,47.749,0,0,47.77,47.763,0,47.77,0,47.77,0,0,0,47.762,47.763
"P273",47.9060909090909,0,47.914,47.914,47.969,47.955,47.9,47.88,47.914,47.887,47.894,47.907,47.887,47.88,47.88,47.887,0,47.908,47.887,47.887,0,47.894,47.887,47.88,47.873,47.88
"P274",48.239,0,0,0,0,0,0,0,0,0,0,0,0,0,0,48.232,0,0,48.218,0,0,0,0,0,0,48.232
"P275",48.4974347826087,0,48.493,48.487,48.528,48.541,48.486,48.487,48.493,48.487,48.48,48.487,48.487,48.487,48.487,48.487,0,48.473,48.494,48.486,48.487,48.48,48.493,48.473,48.48,48.473
"P276",48.5895,0,0,0,0,0,48.583,0,0,0,0,48.576,0,0,0,0,0,0,0,0,0,0,0,0,0,0
"P277",48.721,0,48.721,48.721,0,48.762,48.714,0,48.721,48.707,48.714,48.714,0,48.7,48.7,48.707,0,48.714,48.694,48.714,48.701,48.707,48.714,48.701,48.7,48.714
"P278",48.834,0,0,0,0,0,48.824,0,0,0,0,48.824,0,0,0,0,0,0,0,0,0,0,0,0,0,0
"P279",48.9448888888889,0,0,0,0,0,48.962,0,0,0,0,0,0,48.935,0,0,48.928,0,48.935,48.928,48.935,0,48.928,0,48.921,48.907
"P280",49.0342857142857,49.011,49.038,49.031,0,49.079,49.031,49.018,49.038,0,49.031,49.031,0,49.038,49.031,49.011,0,49.025,0,0,0,0,0,48.997,0,0
"P281",49.1363333333333,0,0,0,0,0,0,0,0,0,0,0,0,49.121,0,0,0,49.142,0,0,0,0,0,0,0,49.121
"P282",49.3352666666667,0,49.335,0,49.342,49.383,49.328,49.335,0,49.321,49.328,49.328,49.321,49.328,49.335,49.321,0,49.321,0,0,0,0,0,49.3,49.328,0
"P283",49.5959230769231,0,49.603,49.576,0,49.638,49.576,0,49.583,0,0,49.583,0,0,0,49.652,0,49.583,49.583,49.569,49.562,0,0,49.562,49.562,0
"P284",49.8164444444444,0,0,0,0,49.858,49.865,0,49.79,0,0,0,0,0,0,0,0,49.797,49.797,0,0,49.783,49.776,49.804,49.783,0
"P285",50.03925,0,0,0,0,0,50.031,0,50.031,0,50.031,50.024,0,0,0,0,0,0,0,0,0,0,0,0,0,0
"P286",50.2013333333333,50.176,50.203,0,0,50.272,50.169,0,50.197,0,50.19,50.183,0,0,0,50.183,0,50.204,0,0,0,0,0,0,0,0
"P287",50.429,0,0,0,0,0,0,50.424,0,0,0,0,0,0,0,0,0,0,0,0,0,0,0,0,0,0
"P288",50.6495,0,0,0,0,0,0,0,0,0,0,0,0,0,0,0,0,0,50.638,0,0,0,0,0,0,50.631
"P289",50.838,0,0,50.838,0,0,0,0,0,0,0,0,0,0,0,0,0,0,0,0,0,0,0,0,50.824,50.817
"P290",50.9455,0,50.955,0,0,51.003,50.941,50.934,0,50.941,50.948,50.928,50.935,50.935,50.928,50.907,0,0,0,0,0,0,0,50.921,0,0
"P291",51.2345,0,0,0,51.279,0,0,0,0,0,0,0,0,0,0,0,0,0,0,0,0,0,0,0,0,51.19
"P292",52.34136,52.348,52.348,52.341,52.403,52.41,52.334,52.341,52.334,52.327,52.327,52.327,52.327,52.334,52.32,52.327,52.334,52.327,52.314,52.313,52.321,52.314,52.32,52.314,52.32,52.314
"P293",52.6245,52.631,0,0,0,52.686,0,0,0,0,52.624,0,0,0,0,52.603,0,52.603,0,52.603,0,52.596,0,0,52.61,0
"P294",52.90725,0,0,0,0,0,52.899,0,0,0,52.9,0,0,52.9,52.9,0,0,0,0,0,0,0,0,0,0,0
"P295",53.33525,0,0,0,0,0,53.32,0,53.32,0,0,53.327,0,0,0,0,0,53.334,0,0,0,0,0,0,0,0
"P296",53.918,0,0,0,0,0,0,0,0,0,0,0,0,0,0,53.913,0,0,0,0,0,0,0,0,0,0
"P297",54.036,0,0,54.031,0,0,0,0,0,0,0,0,0,0,0,0,0,0,0,0,0,0,0,0,0,0
"P298",54.38,0,54.375,0,0,0,0,0,0,0,0,0,0,0,0,0,0,0,0,0,0,0,0,0,0,0
"P299",54.663,0,0,0,0,0,0,0,0,0,0,0,0,0,0,0,0,54.658,0,0,0,0,0,0,0,0
"P300",55.373,0,0,0,0,0,0,0,0,0,55.368,0,0,0,55.368,0,0,0,0,0,0,0,0,0,0,0
"P301",55.468,0,0,0,0,0,0,0,0,0,0,0,55.472,55.444,0,0,0,0,0,0,0,0,0,0,0,0
"P302",55.7943076923077,55.796,0,0,0,0,0,55.789,55.789,55.775,0,55.782,0,0,55.789,55.789,55.803,0,55.782,55.789,55.789,0,55.768,0,55.761,0
"P303",55.884,0,0,0,55.899,0,0,0,0,0,0,0,0,0,0,0,0,0,0,0,0,0,0,0,0,0
"P304",56.1645714285714,56.189,0,56.168,0,0,56.168,56.161,56.168,56.168,56.147,0,56.168,56.161,56.161,56.141,56.182,56.134,56.141,56.161,56.154,56.141,56.134,56.127,56.133,56.134
"P305",56.2746666666667,0,0,0,56.265,56.278,0,0,0,0,0,56.306,0,0,0,0,0,0,0,0,0,0,0,0,0,0
"P306",56.7073333333333,0,0,56.727,0,0,56.692,0,0,0,0,0,0,0,0,0,0,56.678,0,0,0,0,0,0,0,0
"P307",58.597,0,0,0,0,0,0,0,0,0,0,0,0,0,0,0,0,0,0,0,0,58.582,0,0,0,0
