"","mean_RT","NM_192_2","NM_193","NM_194","NM_195","NM_196","NM_197","NM_198","NM_199","NM_200","NM_201","NM_212","NM_213","NM_214_1","NM_215","NM_216","NM_217","NM_218","NM_219","NM_220","NM_221_1"
"P1",4.13488888888889,4.122,4.156,4.122,4.156,4.156,4.156,4.163,4.156,4.156,4.156,4.115,4.122,4.115,4.156,4.122,0,4.122,4.122,0,4.115
"P2",4.1556,0,0,4.156,0,0,0,0,0,0,0,0,0,4.156,0,4.149,4.156,0,0,4.156,0
"P3",4.35588888888889,4.349,4.37,4.335,4.377,4.377,4.376,4.377,4.377,0,4.377,4.349,4.349,0,4.342,4.349,4.377,4.349,4.342,4.349,4.335
"P4",4.52,4.515,0,0,0,0,0,0,0,4.528,0,0,0,4.522,0,0,0,0,0,0,0
"P5",4.668,0,0,0,0,0,0,0,4.673,0,0,0,0,0,0,0,0,0,0,0,0
"P6",4.98666666666667,4.984,4.984,0,0,0,4.99,0,0,0,0,0,0,0,0,0,0,4.984,4.991,0,4.997
"P7",5.07015,5.066,5.073,5.08,5.073,5.073,5.073,5.073,5.066,5.073,5.08,5.073,5.073,5.073,5.073,5.073,5.073,5.073,5.066,5.073,5.073
"P8",5.65954545454545,0,0,0,5.639,5.652,5.652,5.673,5.694,0,0,0,5.68,5.646,5.673,0,0,5.673,0,5.659,5.639
"P9",6.247,0,0,0,0,0,0,6.252,0,0,0,0,0,0,0,0,0,0,0,0,0
"P10",6.666,6.673,0,0,0,0,0,0,0,6.673,0,6.666,0,6.666,0,0,0,0,6.659,0,6.659
"P11",6.785,0,0,0,0,0,0,6.79,0,0,0,0,0,0,0,0,0,0,0,0,0
"P12",7.10957142857143,7.128,0,7.121,0,7.094,7.135,7.114,0,7.128,7.101,7.08,7.128,7.142,0,7.094,7.094,7.087,7.128,0,0
"P13",7.2815,0,0,7.287,0,0,7.286,0,0,0,0,0,0,0,0,0,0,0,0,0,0
"P14",7.35505,7.349,7.363,7.369,7.363,7.356,7.355,7.362,7.356,7.356,7.363,7.349,7.363,7.356,7.356,7.356,7.356,7.362,7.349,7.356,7.356
"P15",7.73336363636364,7.742,0,7.735,7.728,7.742,7.714,0,7.756,0,0,0,0,7.735,7.721,0,0,7.728,0,7.756,7.735
"P16",8.114,0,0,8.128,0,0,0,0,0,0,0,0,0,8.1,0,0,0,0,0,0,0
"P17",8.693,8.686,8.693,0,8.693,8.707,8.714,8.686,8.686,8.686,8.693,0,8.707,8.686,8.693,8.7,8.714,0,8.7,8.686,8.686
"P18",8.957,0,0,0,0,0,0,8.962,0,0,0,0,0,0,0,0,0,0,0,0,0
"P19",9.0885,9.086,9.093,9.114,9.086,9.093,9.093,9.093,9.093,9.093,9.093,9.086,9.086,9.086,9.086,9.08,9.114,9.093,9.08,9.093,9.079
"P20",9.51745454545454,9.521,9.521,9.521,9.521,9.528,9.52,9.528,9.514,9.535,9.514,0,0,0,0,0,0,0,9.514,0,0
"P21",9.72853846153846,9.734,0,9.734,9.735,9.735,9.734,9.728,9.735,9.728,9.728,9.734,0,9.728,9.735,0,9.728,0,0,0,0
"P22",9.8996,9.893,9.907,9.907,9.9,9.907,9.9,9.907,9.9,9.9,9.907,9.9,9.9,9.907,9.9,9.9,9.907,9.9,9.9,9.9,9.9
"P23",10.114,10.107,0,10.114,0,0,10.12,0,10.121,0,10.114,0,0,0,0,0,0,0,0,10.128,0
"P24",10.5464,10.562,0,0,0,10.541,10.541,10.527,0,0,0,0,0,0,0,0,0,0,0,10.576,0
"P25",10.64,0,0,0,0,0,0,0,10.645,0,0,0,0,0,0,0,0,0,0,0,0
"P26",10.7211666666667,0,0,10.727,0,0,10.734,0,10.721,0,0,10.721,0,0,0,0,10.7,0,0,10.734,0
"P27",10.8411666666667,10.831,0,10.838,10.872,10.838,10.851,10.838,10.838,10.858,10.859,0,10.831,10.838,0,10.852,0,0,0,0,0
"P28",11.1908666666667,11.189,0,11.203,11.196,11.196,11.189,11.182,11.196,11.196,11.19,0,11.217,11.183,0,11.19,0,11.189,11.196,0,11.196
"P29",11.3525,0,0,0,11.376,0,0,0,11.355,0,0,0,0,0,0,0,0,11.348,11.341,0,0
"P30",11.60295,11.672,11.589,11.596,11.596,11.596,11.603,11.596,11.596,11.624,11.589,11.596,11.596,11.645,11.589,11.596,11.583,11.596,11.645,11.589,11.617
"P31",11.7761666666667,0,11.776,11.789,11.782,11.769,11.782,11.789,0,0,0,0,0,0,0,0,0,0,0,0,0
"P32",11.846,11.851,0,0,0,0,0,11.851,0,0,0,0,0,0,0,0,0,0,0,0,0
"P33",12.1723333333333,0,0,12.175,0,0,12.182,0,0,0,0,12.175,0,0,0,0,0,0,0,0,0
"P34",12.2958823529412,12.286,12.279,12.368,12.286,0,12.292,0,12.279,12.293,12.3,12.293,12.293,12.293,12.293,12.286,12.293,12.293,0,12.362,12.286
"P35",12.5006,12.513,0,0,0,0,0,0,0,0,0,12.506,0,12.486,0,0,0,0,12.5,0,12.493
"P36",12.753,0,0,12.762,0,0,12.754,0,0,0,0,0,0,0,0,0,0,0,0,0,0
"P37",12.9558823529412,12.968,12.955,12.955,12.962,12.962,12.982,0,12.962,12.962,12.969,12.948,12.948,0,0,12.962,12.955,12.941,12.941,12.962,12.961
"P38",13.1134444444444,0,13.127,13.134,13.12,0,0,13.106,0,13.127,0,0,0,13.051,13.127,0,13.127,13.127,0,0,0
"P39",13.1205454545455,13.12,0,0,0,13.12,13.127,0,13.134,0,13.127,13.12,0,13.12,0,13.113,0,0,13.12,13.12,13.12
"P40",13.7282307692308,13.72,0,13.727,0,13.727,13.727,13.768,13.72,13.734,13.72,0,0,13.734,0,13.72,0,0,13.727,13.734,13.734
"P41",13.9083333333333,0,0,0,13.865,0,0,0,0,0,0,13.948,0,0,0,0,0,13.927,0,0,0
"P42",14.0579,14.065,14.058,14.065,14.051,14.058,14.071,14.079,14.065,14.058,14.058,14.058,14.058,14.065,14.044,14.051,14.065,14.058,14.051,14.065,14.065
"P43",14.163,0,0,0,0,0,0,0,0,0,0,0,0,0,0,0,0,14.168,0,0,0
"P44",14.4635,0,0,0,14.472,0,0,14.465,0,0,0,0,0,0,0,0,0,0,0,0,0
"P45",14.60315,14.603,14.61,14.609,14.603,14.61,14.602,14.609,14.61,14.603,14.61,14.603,14.61,14.603,14.603,14.61,14.603,14.603,14.603,14.603,14.603
"P46",14.79835,14.782,14.81,14.803,14.796,14.803,14.851,14.796,14.796,14.796,14.803,14.803,14.803,14.789,14.803,14.796,14.803,14.803,14.803,14.789,14.789
"P47",15.06485,15.085,15.037,15.092,15.099,15.051,15.078,15.037,15.092,15.092,15.092,15.092,15.079,15.079,15.044,15.037,15.058,15.044,15.037,15.085,15.037
"P48",15.2833333333333,0,0,0,0,0,15.285,0,0,0,0,0,15.285,15.285,0,0,0,0,0,0,0
"P49",15.3684,15.368,0,0,15.361,0,0,0,0,0,0,0,0,0,15.368,0,0,0,15.389,0,15.361
"P50",15.662,0,0,15.664,0,0,0,0,0,0,15.678,0,15.658,0,0,0,0,0,0,15.658,0
"P51",16.1332727272727,16.133,0,0,0,16.14,16.133,16.133,16.14,0,0,0,16.134,16.14,16.14,16.134,0,16.14,0,16.134,0
"P52",16.2644444444444,0,0,16.32,0,16.313,16.312,16.237,16.244,0,16.237,0,0,16.223,16.223,0,0,16.306,0,0,0
"P53",16.4692,0,0,0,16.43,0,0,0,0,16.458,16.513,0,0,0,0,0,0,0,16.444,16.506,0
"P54",16.632,0,0,0,0,0,0,0,0,0,0,0,0,0,16.637,0,0,0,0,0,0
"P55",16.71525,0,0,0,16.706,0,0,0,0,0,16.713,16.726,0,0,0,0,0,0,0,16.726,0
"P56",16.914,0,0,16.926,0,0,16.912,0,0,0,0,0,0,0,0,0,0,0,0,0,0
"P57",17.039,0,0,0,0,0,0,0,0,0,0,0,0,0,0,17.044,0,0,0,0,0
"P58",17.1177333333333,17.113,0,17.119,17.113,17.119,17.154,17.119,0,17.119,17.113,17.147,0,17.106,17.113,17.113,17.127,0,0,17.12,17.106
"P59",17.2092105263158,17.216,17.216,17.216,17.216,17.202,0,17.216,17.209,17.216,17.216,17.209,17.216,17.209,17.209,17.209,17.209,17.209,17.209,17.209,17.209
"P60",17.33995,17.347,17.347,17.34,17.34,17.347,17.347,17.354,17.347,17.347,17.34,17.34,17.333,17.34,17.347,17.333,17.34,17.347,17.34,17.333,17.34
"P61",17.473,0,0,0,0,0,0,0,0,0,0,17.478,0,0,0,0,0,0,0,0,0
"P62",17.5974,17.602,17.602,17.602,17.602,17.602,17.602,17.602,17.602,17.602,17.602,17.602,17.595,17.595,17.595,17.602,17.602,17.602,17.595,17.595,17.595
"P63",17.7595,17.754,17.768,17.761,17.761,17.761,17.76,17.768,17.768,17.761,17.761,17.754,17.761,17.768,17.761,17.754,17.775,17.754,17.768,17.761,17.761
"P64",17.907,0,0,17.919,0,0,17.905,0,0,0,0,0,0,0,0,0,0,0,0,0,0
"P65",18.1655,18.161,0,18.174,18.168,18.168,18.174,0,18.174,0,0,0,0,0,0,18.175,18.161,18.161,18.168,18.161,18.161
"P66",18.376,0,0,18.381,0,0,0,0,0,0,0,0,0,0,0,0,0,0,0,0,0
"P67",18.669,0,0,0,0,0,0,0,0,0,0,0,0,0,0,0,0,0,0,18.664,0
"P68",18.7495833333333,18.747,0,18.747,18.747,0,0,18.767,18.761,0,18.747,18.747,18.795,18.74,0,18.747,0,0,18.74,0,18.74
"P69",18.8313333333333,0,0,0,0,18.809,18.864,0,0,0,0,0,0,0,0,0,0,18.836,0,0,0
"P70",18.947,18.947,0,0,0,0,0,0,0,0,0,0,0,0,0,0,0,0,18.947,0,0
"P71",19.0376,0,0,0,0,0,0,0,0,0,19.057,19.023,0,19.03,0,0,19.037,0,0,19.036,0
"P72",19.34865,19.354,19.354,19.354,19.354,19.354,19.353,19.354,19.354,19.354,19.347,19.347,19.347,19.347,19.354,19.354,19.347,19.347,19.347,19.354,19.347
"P73",19.50775,19.498,19.512,19.512,19.512,19.512,19.519,19.505,19.519,19.526,19.512,19.505,19.512,19.505,19.512,19.498,19.512,19.512,19.512,19.512,19.498
"P74",19.8108421052632,19.809,19.802,19.816,19.816,19.822,19.822,19.816,19.816,0,19.816,19.822,19.809,19.809,19.795,19.816,19.809,19.816,19.816,19.809,19.815
"P75",20.0713333333333,0,0,20.057,0,0,20.043,0,0,0,0,0,0,0,0,0,0,0,0,0,20.119
"P76",20.2173333333333,0,0,0,0,20.216,20.229,0,0,0,0,0,0,0,0,0,0,20.222,0,0,0
"P77",20.424,0,0,0,0,0,20.394,0,0,0,0,20.464,0,0,0,0,0,0,0,0,0
"P78",20.748,0,0,0,0,0,0,0,0,0,0,20.753,0,0,0,0,0,0,0,0,0
"P79",21.0791666666667,0,0,0,0,0,21.105,0,0,0,21.091,0,21.084,21.057,0,0,0,21.064,0,21.084,0
"P80",21.20045,21.215,21.188,21.243,21.208,21.195,21.201,21.188,21.222,21.188,21.215,21.208,21.215,21.209,21.195,21.174,21.195,21.215,21.195,21.209,21.181
"P81",21.55575,0,0,0,0,0,0,21.567,21.553,0,21.56,0,0,21.553,0,0,0,0,0,0,0
"P82",21.7105,21.712,21.712,21.712,21.712,21.726,21.718,21.719,21.712,21.719,21.712,21.705,21.712,21.712,21.712,21.712,21.712,21.712,21.712,21.705,21.712
"P83",21.918625,0,0,21.926,21.926,0,21.932,21.926,0,0,0,0,21.926,0,21.919,0,0,21.912,0,0,21.912
"P84",22.0527142857143,0,0,0,22.05,0,22.084,0,22.098,0,0,0,22.05,0,22.05,22.036,0,22.036,0,0,0
"P85",22.2362105263158,22.236,22.236,22.243,22.243,22.243,22.236,22.236,22.236,22.236,22.243,22.243,22.236,22.236,0,22.236,22.236,22.243,22.236,22.243,22.236
"P86",22.37375,0,0,22.367,22.401,0,22.373,0,0,0,0,0,0,0,0,0,0,22.374,0,0,0
"P87",22.652,0,0,0,0,0,22.656,0,22.663,0,22.663,0,0,22.636,0,0,0,0,0,0,0
"P88",22.9035,22.898,0,0,0,0,0,0,0,0,22.919,0,0,0,0,0,0,0,0,0,0
"P89",23.05875,23.056,0,0,0,23.063,23.07,0,0,0,0,23.056,0,0,0,23.063,0,23.056,23.077,0,23.049
"P90",23.148,0,0,23.153,0,0,0,0,0,0,0,0,0,0,0,0,0,0,0,0,0
"P91",23.28925,0,0,0,0,0,0,0,0,0,0,23.277,0,23.284,0,0,0,23.305,0,23.291,0
"P92",23.66225,23.663,23.67,23.67,23.663,23.67,23.656,23.67,23.663,23.67,23.67,23.67,23.663,23.663,23.663,23.663,23.663,23.663,23.663,23.656,23.663
"P93",23.7992352941176,23.801,23.815,23.815,23.746,23.808,0,23.836,23.801,0,23.794,23.801,23.801,23.794,23.801,23.829,23.801,23.801,23.801,23.787,0
"P94",23.92,0,0,0,0,0,0,0,0,0,0,0,0,0,0,0,0,23.925,0,0,0
"P95",24.1522,24.153,24.167,24.153,24.146,24.153,24.159,24.153,24.16,24.153,24.16,24.153,24.153,24.153,24.153,24.153,24.153,24.153,24.16,24.153,24.153
"P96",24.375,24.38,0,0,0,0,0,24.387,0,0,0,0,0,0,0,24.38,0,24.373,0,0,0
"P97",24.5345,24.532,24.546,0,24.539,24.539,24.546,24.539,0,24.539,24.539,24.525,0,24.532,24.532,0,24.539,24.532,24.539,24.532,24.532
"P98",24.60375,0,0,24.608,0,0,0,24.615,0,0,0,0,0,0,0,24.601,0,0,0,24.601,0
"P99",24.7290909090909,24.732,0,24.739,24.732,0,24.732,24.746,0,0,0,24.718,0,24.732,0,24.739,0,24.725,24.725,0,24.725
"P100",25.1471666666667,25.166,0,0,0,0,0,0,0,0,25.153,25.153,0,25.16,0,25.118,0,25.153,0,0,0
"P101",25.2848,25.29,25.291,25.29,25.291,25.291,25.29,25.29,25.291,25.291,25.291,25.284,25.284,25.284,25.284,25.291,25.284,25.284,25.284,25.284,25.277
"P102",25.4345714285714,0,0,25.435,0,25.442,25.456,25.435,0,0,0,0,0,0,0,25.435,25.436,25.428,0,0,0
"P103",25.561,0,0,0,25.566,0,0,0,0,0,0,0,0,0,0,0,0,0,0,0,0
"P104",25.6805,0,0,0,25.67,0,0,0,0,0,0,0,0,0,0,0,25.677,25.684,0,25.691,0
"P105",25.7982631578947,25.801,25.808,25.801,25.801,25.801,0,25.801,25.801,25.801,25.801,25.801,25.801,25.801,25.801,25.801,25.801,25.801,25.801,25.794,25.794
"P106",25.8521666666667,0,0,0,0,25.856,25.856,25.863,0,0,0,0,25.856,0,0,25.856,0,25.856,0,0,0
"P107",26.1988,26.201,26.201,26.201,26.208,26.208,26.207,26.201,26.201,26.208,26.194,26.201,26.201,26.201,26.201,26.194,26.194,26.201,26.208,26.201,26.194
"P108",26.6195,0,0,0,0,0,0,0,26.635,0,0,0,0,0,0,0,0,26.614,0,0,0
"P109",27.0353,27.042,27.049,27.056,27.028,27.028,27.049,27.042,27.035,27.028,27.028,27.035,27.028,27.035,27.042,27.035,27.056,27.028,27.042,27.042,27.028
"P110",27.418,27.421,0,0,0,0,27.421,0,0,0,0,27.456,0,0,0,27.394,0,0,0,0,0
"P111",27.478,27.483,0,27.483,0,0,0,0,0,0,0,0,0,0,0,0,0,0,0,0,0
"P112",27.5742142857143,0,27.594,0,27.594,27.587,0,27.6,27.594,27.538,0,27.587,27.58,27.587,27.539,27.58,0,27.587,0,27.587,27.525
"P113",27.5867142857143,27.594,0,27.587,0,0,27.593,0,0,27.594,0,0,0,0,27.587,0,27.58,0,27.587,0,0
"P114",27.70495,27.711,27.711,27.711,27.711,27.711,27.71,27.711,27.711,27.711,27.704,27.704,27.704,27.697,27.711,27.704,27.704,27.704,27.711,27.704,27.704
"P115",27.919,0,0,27.924,0,0,0,0,0,0,0,0,0,0,0,0,0,0,0,0,0
"P116",28.09625,28.097,28.104,28.104,28.104,28.104,28.104,28.097,28.104,28.097,28.104,28.097,28.097,28.097,28.09,28.097,28.104,28.097,28.097,28.09,28.09
"P117",28.7978666666667,28.793,0,28.8,28.793,0,28.8,28.807,28.855,28.793,28.8,28.8,28.8,28.793,0,28.793,0,28.793,28.8,28.793,0
"P118",28.93,0,0,0,0,0,0,0,0,0,0,0,0,0,0,0,28.925,0,0,0,0
"P119",29.0373,29.035,29.049,29.048,29.035,29.042,29.041,29.042,29.042,29.042,29.042,29.042,29.035,29.042,29.042,29.035,29.035,29.042,29.035,29.035,29.035
"P120",29.1462,0,29.152,0,29.152,29.159,0,0,29.145,0,29.152,0,29.152,0,29.145,0,29.152,29.138,0,29.145,0
"P121",29.25275,29.255,29.255,29.262,29.255,29.255,29.269,29.255,29.262,29.262,29.255,29.255,29.255,29.249,29.249,29.255,29.249,29.255,29.249,29.249,29.255
"P122",29.4253333333333,0,0,29.435,29.428,0,0,0,0,0,0,0,0,0,29.428,0,0,0,0,0,0
"P123",29.5373333333333,29.538,29.538,0,29.538,29.559,0,29.552,29.538,29.538,29.531,29.531,29.552,29.531,29.531,29.559,29.531,29.559,29.531,29.531,29.524
"P124",29.621,29.641,0,29.6,0,0,29.593,29.648,0,0,0,0,0,0,0,0,0,29.648,0,0,0
"P125",29.67625,0,0,29.676,0,0,29.669,0,0,0,0,0,0,0,29.69,29.69,0,0,0,0,0
"P126",29.792,0,0,29.807,0,29.793,29.807,29.793,0,0,0,0,29.793,0,0,29.793,0,29.793,0,0,0
"P127",29.9654444444444,0,0,0,29.931,30,30.007,0,0,0,0,29.945,30,29.952,0,0,29.945,30,0,0,29.924
"P128",30.173,30.172,0,0,30.152,30.2,0,30.193,0,30.159,30.159,0,30.173,30.159,0,30.2,0,30.221,30.166,0,30.152
"P129",30.2724210526316,30.283,30.248,0,30.276,30.29,30.31,30.303,30.248,30.269,30.29,30.283,30.269,30.269,30.248,30.304,30.235,30.31,30.283,30.241,30.262
"P130",30.4155,0,0,30.441,0,0,30.4,0,0,0,0,0,0,0,0,0,0,0,0,0,0
"P131",30.5538571428571,30.559,0,0,30.545,0,0,0,0,30.552,0,30.559,0,30.559,0,0,0,30.559,0,30.559,0
"P132",30.669125,30.683,0,0,30.662,0,0,30.676,0,30.676,0,0,30.662,0,0,30.676,0,0,30.676,0,30.662
"P133",30.7939333333333,0,30.807,0,30.779,30.807,0,30.772,30.8,30.793,30.807,30.8,30.786,30.793,30.807,0,30.807,30.793,0,30.793,30.8
"P134",31.05,0,0,0,31.055,0,0,0,0,0,0,0,0,0,0,31.055,0,0,0,0,0
"P135",31.1731875,31.172,0,31.186,31.179,0,0,31.179,31.179,0,31.172,31.172,31.172,31.172,31.186,31.172,31.179,31.172,31.172,31.165,31.172
"P136",31.27555,31.269,31.283,31.283,31.283,31.283,31.282,31.283,31.283,31.276,31.276,31.283,31.276,31.262,31.283,31.276,31.276,31.276,31.276,31.276,31.276
"P137",31.4845,0,0,0,31.49,0,31.489,0,0,0,0,0,31.483,0,0,0,0,31.496,0,0,0
"P138",31.5703333333333,0,0,0,0,0,31.579,0,0,0,0,0,0,31.572,0,0,0,31.565,0,0,0
"P139",31.70645,31.71,31.71,31.717,31.717,31.71,31.703,31.71,31.717,31.71,31.71,31.71,31.71,31.703,31.71,31.703,31.71,31.71,31.703,31.703,31.703
"P140",31.843,0,0,0,0,0,31.848,0,0,0,0,0,0,0,0,0,0,0,0,0,0
"P141",31.9783333333333,0,0,0,0,0,32.006,0,0,0,0,31.972,0,0,0,0,0,31.972,0,0,0
"P142",32.33555,32.344,32.331,32.344,32.331,32.338,32.344,32.331,32.338,32.338,32.345,32.344,32.331,32.351,32.331,32.331,32.331,32.358,32.331,32.338,32.331
"P143",32.4185,0,0,0,0,32.42,0,0,32.427,0,0,0,0,0,32.427,32.42,0,0,0,0,0
"P144",32.50575,32.503,32.517,32.51,32.51,32.51,32.517,32.503,32.524,32.503,32.51,32.517,32.503,32.503,32.51,32.503,32.503,32.51,32.503,32.51,32.496
"P145",32.62345,32.62,32.627,32.627,32.634,32.627,32.627,32.627,32.634,32.627,32.627,32.627,32.627,32.62,32.627,32.627,32.627,32.627,32.62,32.62,32.62
"P146",32.7612105263158,32.765,32.765,0,32.772,32.751,32.772,32.765,32.772,32.758,32.772,32.772,32.765,32.765,32.745,32.765,32.758,32.765,32.765,32.758,32.758
"P147",33.0033,32.979,33.041,32.986,33.041,33.013,33.02,32.986,33.069,32.979,32.993,33.055,33.013,32.965,33.02,32.986,32.979,33.027,32.972,33.02,32.972
"P148",33.1253,33.11,0,33.124,0,33.131,33.137,33.124,0,33.124,0,0,33.131,0,0,33.117,0,33.137,33.158,0,0
"P149",33.215,33.206,0,0,0,0,0,0,0,0,0,33.234,0,33.2,0,0,0,0,0,33.22,0
"P150",33.40755,33.406,33.413,33.413,33.42,33.406,33.413,33.406,33.427,33.413,33.407,33.42,33.413,33.4,33.407,33.406,33.407,33.406,33.406,33.406,33.406
"P151",33.5372,33.53,33.544,33.544,33.551,33.537,33.537,33.537,33.558,33.544,33.538,33.544,33.538,33.531,33.544,33.524,33.544,33.544,33.544,33.531,33.53
"P152",33.643,0,0,0,0,0,0,0,33.648,0,0,0,0,0,0,0,0,0,0,0,0
"P153",33.825,0,0,0,0,0,0,0,0,0,0,0,0,33.82,0,0,0,0,0,0,0
"P154",33.9755,0,0,0,0,0,0,0,33.986,0,0,0,0,0,0,0,0,0,0,33.965,0
"P155",34.1381,34.13,34.144,34.137,34.144,34.144,34.144,34.172,34.144,34.137,34.137,34.137,34.137,34.124,34.137,34.172,34.138,34.137,34.13,34.137,34.13
"P156",34.266,0,0,0,34.261,34.275,34.275,0,34.268,0,0,0,34.275,0,0,34.268,0,34.275,0,0,0
"P157",34.34675,34.351,0,34.351,34.344,0,34.351,0,34.344,0,34.351,34.351,34.351,34.344,0,0,0,34.351,34.351,34.351,0
"P158",34.415,0,0,34.427,34.413,0,0,0,0,0,0,0,0,0,0,0,0,0,0,0,0
"P159",34.5691,34.565,34.572,34.572,34.572,34.572,34.571,34.572,34.572,34.572,34.572,34.572,34.572,34.586,34.572,34.572,34.572,34.565,34.572,34.572,34.565
"P160",34.7524444444444,34.785,0,34.737,34.765,34.751,34.758,34.744,0,0,0,0,0,0,0,34.737,0,34.758,34.772,0,0
"P161",34.9215454545455,34.889,0,0,0,0,34.958,34.958,34.896,0,34.882,34.889,34.958,0,0,34.965,0,34.951,0,34.93,34.896
"P162",35.03285,35.034,35.034,35.034,35.034,35.048,35.047,35.041,35.034,35.027,35.041,35.034,35.041,35.027,35.027,35.041,35.034,35.041,35.02,35.041,35.027
"P163",35.1481111111111,0,0,0,0,35.172,35.178,0,0,35.123,0,0,35.172,35.123,35.13,35.165,0,35.172,0,0,35.123
"P164",35.3570714285714,35.365,35.351,0,35.365,0,0,0,35.358,35.358,35.358,35.365,35.365,35.358,35.358,0,35.358,0,35.358,35.351,35.351
"P165",35.4595,0,0,0,0,35.468,35.468,35.461,0,0,0,0,35.468,0,0,35.461,0,35.461,0,0,0
"P166",35.5535,35.558,0,35.551,0,35.551,0,35.551,35.565,0,0,0,0,0,0,35.544,35.558,0,35.558,35.551,35.558
"P167",35.7182,35.716,35.723,35.716,35.716,35.723,35.723,35.723,35.737,35.716,35.723,35.73,35.716,35.71,35.73,35.723,35.717,35.73,35.71,35.723,35.709
"P168",35.8320526315789,35.834,35.841,35.834,35.841,35.84,35.84,0,35.847,35.84,35.841,35.84,35.834,35.834,35.841,35.778,35.834,35.84,35.834,35.834,35.827
"P169",35.994,0,0,0,36.013,0,0,0,35.999,0,0,35.985,0,0,0,0,0,0,0,0,0
"P170",36.17795,36.144,36.178,36.164,36.185,36.192,36.185,36.206,36.213,36.165,36.192,36.22,36.165,36.13,36.199,36.172,36.165,36.227,36.151,36.185,36.171
"P171",36.3316,36.33,0,36.33,0,36.337,36.337,36.337,36.344,0,0,0,36.323,0,0,36.33,0,36.344,36.344,0,0
"P172",36.61215,36.599,36.613,36.606,36.627,36.613,36.647,36.613,36.613,36.606,36.62,36.613,36.599,36.606,36.613,36.606,36.634,36.654,36.599,36.613,36.599
"P173",36.8870526315789,36.875,36.882,36.875,36.889,36.909,36.881,36.895,36.896,0,36.889,36.889,36.902,36.889,36.896,36.889,36.889,36.902,36.882,36.882,36.888
"P174",37.075,0,0,0,0,0,0,0,37.082,0,0,0,0,0,0,0,0,0,0,37.068,0
"P175",37.2242307692308,37.226,37.22,0,37.233,0,0,0,37.233,37.233,37.233,37.233,0,37.22,37.227,0,37.227,0,37.213,37.213,37.219
"P176",37.33755,37.337,37.33,37.33,37.33,37.344,37.399,37.337,37.337,37.337,37.33,37.344,37.337,37.337,37.344,37.344,37.337,37.357,37.337,37.337,37.316
"P177",37.61485,37.613,37.62,37.613,37.62,37.626,37.633,37.619,37.62,37.613,37.613,37.613,37.62,37.613,37.613,37.62,37.613,37.633,37.613,37.613,37.606
"P178",38.0920526315789,38.102,38.095,38.095,38.102,38.095,0,38.068,38.095,38.102,38.102,38.102,38.075,38.095,38.095,38.082,38.095,38.109,38.095,38.088,38.102
"P179",38.2050625,38.199,38.206,38.206,38.206,0,0,38.233,38.206,38.199,38.206,38.206,38.233,38.192,38.192,38.24,38.199,0,0,38.199,38.199
"P180",38.2848666666667,38.302,38.281,0,38.281,38.261,0,0,38.281,38.302,38.282,38.281,0,38.302,38.282,0,38.289,38.275,38.309,38.275,38.295
"P181",38.3714,0,0,38.378,0,0,38.371,0,0,0,0,38.364,0,0,0,0,38.378,0,0,0,38.371
"P182",38.526375,38.523,38.523,38.523,0,38.537,38.571,38.537,38.53,0,38.523,38.523,38.53,38.523,38.516,38.53,0,38.537,38.516,38.53,0
"P183",38.70055,38.695,38.702,38.702,38.702,38.709,38.716,38.709,38.709,38.702,38.702,38.709,38.695,38.695,38.702,38.709,38.702,38.709,38.695,38.702,38.695
"P184",38.80535,38.805,38.806,38.812,38.812,38.812,38.812,38.805,38.812,38.812,38.812,38.812,38.799,38.799,38.813,38.792,38.806,38.819,38.806,38.812,38.799
"P185",38.893,0,0,0,38.874,0,38.922,0,0,0,0,0,0,0,0,0,0,0,0,0,0
"P186",39.10365,39.095,39.074,39.109,39.109,39.109,39.095,39.157,39.116,39.116,39.116,39.13,39.102,39.088,39.095,39.109,39.095,39.109,39.109,39.095,39.095
"P187",39.2935,0,0,39.295,0,0,39.302,39.316,39.295,0,0,0,0,0,0,39.295,0,39.288,0,0,0
"P188",39.51825,39.516,39.516,39.529,39.516,39.557,39.557,39.523,39.523,39.523,39.516,39.516,39.516,39.509,39.509,39.523,39.516,39.516,39.509,39.516,39.509
"P189",39.6,0,0,39.605,0,0,0,0,0,0,0,0,0,0,0,0,0,0,0,0,0
"P190",39.7515714285714,39.771,0,0,0,0,39.771,0,39.723,0,0,39.702,0,39.771,0,0,0,0,39.771,0,39.757
"P191",39.8735555555556,0,0,0,39.881,39.854,39.853,39.854,0,0,39.916,0,0,0,39.916,39.847,0,39.84,0,39.936,0
"P192",39.99675,0,0,0,0,0,40.039,39.964,0,0,0,0,0,0,0,39.964,0,40.04,0,0,0
"P193",40.097,0,0,0,0,0,0,0,0,0,0,40.102,0,0,0,0,0,0,0,0,0
"P194",40.1707894736842,40.164,40.164,40.185,0,40.185,40.212,40.178,40.178,40.164,40.171,40.171,40.178,40.164,40.171,40.171,40.164,40.185,40.171,40.157,40.157
"P195",40.2555,0,0,40.267,40.254,0,40.274,40.247,0,0,0,0,0,0,0,0,0,0,0,0,0
"P196",40.4413,40.44,40.447,40.447,40.447,40.447,40.446,40.447,40.447,40.44,40.447,40.447,40.44,40.44,40.447,40.44,40.447,40.44,40.44,40.44,40.44
"P197",40.738,0,0,0,0,40.729,40.729,0,40.771,0,0,0,0,0,0,0,0,0,0,0,0
"P198",40.8632105263158,40.867,40.853,0,40.867,40.874,40.867,40.867,40.874,40.867,40.867,40.867,40.86,40.86,40.867,40.86,40.867,40.867,40.867,40.854,40.874
"P199",40.938,0,40.95,40.929,0,0,0,0,40.95,0,0,0,0,0,0,0,0,0,0,0,0
"P200",41.0982941176471,0,41.102,41.102,41.109,41.109,41.108,41.108,41.109,41.095,41.109,41.04,41.102,0,41.109,41.102,41.109,41.109,0,41.102,41.102
"P201",41.1929166666667,41.184,0,41.205,0,41.205,0,0,41.198,41.198,41.205,41.164,0,41.191,41.205,0,41.205,0,41.191,0,41.184
"P202",41.3031818181818,0,41.288,0,41.35,0,41.253,0,41.295,0,41.295,41.322,41.336,0,41.288,0,0,0,41.288,41.343,41.302
"P203",41.476,41.481,0,41.481,0,41.481,41.481,41.491,41.481,0,41.481,41.46,0,0,0,41.474,41.481,41.479,0,41.481,0
"P204",41.5277,41.529,41.536,0,41.543,0,0,0,0,41.529,41.529,0,41.529,41.529,41.529,0,0,0,41.522,0,41.522
"P205",41.586,0,0,41.591,41.598,0,41.584,0,0,0,0,0,0,0,0,0,0,0,0,0,0
"P206",41.8129,41.833,41.805,41.812,41.819,41.798,41.805,41.846,41.812,41.812,41.812,41.839,41.819,41.833,41.812,41.805,41.819,41.798,41.819,41.798,41.812
"P207",42.0666666666667,0,0,0,0,0,0,0,42.074,0,42.067,0,0,0,42.074,0,0,0,0,0,0
"P208",42.1955,42.198,42.198,42.205,42.233,42.191,42.198,42.198,42.198,42.198,42.198,42.205,42.191,42.198,42.198,42.191,42.198,42.191,42.198,42.184,42.191
"P209",42.336,0,0,42.322,0,0,42.356,0,0,0,0,0,0,0,0,42.343,0,42.343,0,0,0
"P210",42.4324285714286,0,0,0,0,42.426,42.46,42.432,0,0,0,42.426,0,0,42.453,42.433,0,42.432,0,0,0
"P211",42.5681428571429,42.577,42.557,42.577,42.577,42.577,0,0,42.57,42.584,42.57,0,42.577,42.564,42.57,0,42.577,0,42.55,0,42.557
"P212",42.7205,0,0,0,0,0,0,0,0,0,0,42.763,0,0,0,0,0,42.688,0,0,0
"P213",42.8971333333333,42.901,42.895,0,0,42.908,42.929,42.908,42.894,0,42.901,42.894,42.901,42.888,42.895,0,42.895,42.901,42.895,0,42.887
"P214",42.9689230769231,42.97,0,42.956,42.977,42.977,43.004,42.984,42.963,42.963,42.977,0,42.97,0,0,42.977,0,42.97,0,42.963,0
"P215",43.0812,43.081,43.088,43.053,0,0,0,43.081,43.088,43.088,43.088,43.088,43.081,43.088,43.081,0,43.088,0,43.088,43.081,43.081
"P216",43.26375,0,43.26,0,0,0,0,0,43.281,0,43.267,0,0,0,43.267,0,0,0,0,0,0
"P217",43.4652222222222,0,0,0,43.481,0,0,0,43.446,0,0,43.474,0,43.474,43.522,43.446,43.46,43.453,0,0,43.446
"P218",43.6086666666667,0,0,43.618,0,0,43.604,0,0,0,0,0,0,0,0,43.619,0,0,0,0,0
"P219",43.7425882352941,43.756,43.743,0,43.756,43.75,0,43.749,43.75,43.743,43.75,43.694,43.743,43.75,43.75,43.75,43.743,43.749,43.75,0,43.743
"P220",43.8376,43.846,43.846,43.798,43.853,43.839,43.853,43.846,43.846,43.839,43.846,43.818,43.839,43.846,43.846,43.839,43.839,43.839,43.846,43.839,43.839
"P221",44.0477,44.053,44.046,44.053,44.06,44.039,44.046,44.067,44.053,44.046,44.053,44.053,44.046,44.053,44.053,44.046,44.06,44.046,44.046,44.039,44.046
"P222",44.1385,44.142,44.143,44.149,44.149,44.136,44.142,44.156,44.143,44.136,44.143,44.143,44.136,44.143,44.143,44.136,44.143,44.136,44.136,44.129,44.136
"P223",44.24275,0,0,0,0,44.239,44.253,0,0,0,0,0,0,0,0,44.26,0,44.239,0,0,0
"P224",44.35875,44.37,44.356,44.37,44.37,44.349,44.363,44.37,44.363,44.363,44.363,44.377,44.363,44.363,44.356,44.349,44.363,44.349,44.363,44.349,44.356
"P225",44.7004117647059,44.722,44.653,0,44.722,0,0,44.722,44.667,44.715,44.667,44.715,44.708,44.715,44.66,44.715,44.715,44.715,44.708,44.708,44.715
"P226",44.7974285714286,0,0,44.811,0,44.804,44.804,44.804,0,0,0,44.798,44.798,0,0,0,0,44.798,0,0,0
"P227",45.0053333333333,44.977,44.991,44.998,45.046,0,45.018,44.97,0,45.039,44.991,45.025,45.011,45.039,44.977,45.011,44.984,45.025,45.039,45.025,44.97
"P228",45.1395714285714,0,45.108,0,45.17,0,0,0,45.115,0,45.122,45.191,0,0,45.115,0,0,45.191,0,0,0
"P229",45.2970714285714,45.308,45.294,0,0,0,0,45.315,45.301,45.308,45.301,0,45.308,45.287,45.287,45.315,45.287,0,45.294,45.287,45.287
"P230",45.4497,0,45.446,0,45.432,45.466,0,45.466,0,0,0,45.439,45.467,45.453,45.446,0,0,45.466,0,0,45.446
"P231",45.5219473684211,45.522,0,45.508,45.529,45.535,45.521,45.542,45.522,45.515,45.522,45.515,45.529,45.529,45.508,45.535,45.529,45.542,45.522,45.522,45.515
"P232",45.585,0,0,45.597,0,0,45.583,0,0,0,0,0,0,0,0,0,0,0,0,0,0
"P233",45.7436,45.742,45.742,0,45.749,0,0,45.749,45.756,45.742,45.756,45.756,0,45.742,45.749,45.735,45.742,0,45.749,45.735,45.735
"P234",45.90025,0,0,45.915,0,45.901,45.914,45.901,0,0,0,45.922,45.901,0,0,45.894,0,45.894,0,0,0
"P235",46.2343,46.232,46.232,46.252,46.239,46.239,46.245,46.239,46.239,46.232,46.239,46.239,46.239,46.232,46.232,46.232,46.232,46.239,46.239,46.232,46.232
"P236",46.344,0,0,0,0,0,46.349,0,0,0,0,0,0,0,0,0,0,0,0,0,0
"P237",46.4977,46.501,46.501,46.508,46.508,46.494,46.507,46.521,46.501,46.494,46.508,46.501,46.501,46.494,46.501,46.494,46.501,46.501,46.487,46.487,46.494
"P238",46.6128571428571,0,0,46.666,0,46.604,46.645,46.611,0,0,0,0,46.591,0,0,46.604,0,46.604,0,0,0
"P239",46.7484736842105,46.756,46.749,46.77,46.756,46.742,46.749,46.756,46.756,46.749,46.749,46.749,46.756,46.756,46.749,0,46.749,46.742,46.749,46.742,46.742
"P240",46.8346666666667,46.818,0,46.873,0,0,0,0,0,0,0,0,0,0,0,0,0,0,46.818,0,0
"P241",46.9165,46.914,0,0,46.921,46.921,46.942,0,46.915,46.914,46.922,46.914,0,46.915,46.922,46.921,0,46.921,46.915,0,46.914
"P242",47.133,47.142,47.135,0,47.142,47.142,47.162,47.149,47.142,47.135,47.128,47.135,47.135,47.121,47.128,47.135,47.122,47.135,47.135,47.128,47.121
"P243",47.2788571428571,0,0,47.287,0,47.259,47.28,47.273,0,0,0,47.308,0,0,0,47.266,0,47.314,0,0,0
"P244",47.3710666666667,47.37,47.363,0,47.404,0,47.404,47.37,47.37,47.383,47.383,0,47.377,47.356,47.356,0,47.363,47.39,0,47.363,47.349
"P245",47.5731666666667,47.563,0,47.556,47.521,47.618,47.624,47.618,0,0,0,47.542,47.597,0,0,47.611,0,47.549,47.563,0,47.556
"P246",47.6645,0,47.666,0,0,0,0,0,47.673,0,47.673,0,0,0,47.666,0,0,0,0,0,0
"P247",47.7747142857143,47.783,0,0,47.79,0,0,0,47.776,0,0,47.763,0,47.77,0,0,0,0,47.77,0,47.776
"P248",47.8675333333333,47.9,47.873,47.873,0,47.859,47.893,47.852,0,47.859,47.859,47.907,47.852,0,47.859,47.914,47.846,47.877,0,47.845,0
"P249",47.95725,0,0,47.949,0,0,0,47.914,0,0,0,0,0,0,0,0,0,0,47.99,0,47.976
"P250",48.0925,0,0,0,0,0,0,0,48.094,0,0,0,0,0,48.101,0,0,0,0,0,0
"P251",48.48975,48.5,48.5,48.5,48.48,48.494,48.5,48.493,48.5,48.494,48.494,48.487,48.487,48.487,48.494,48.5,48.487,48.487,48.494,48.48,48.487
"P252",48.5861666666667,0,0,48.597,0,48.59,48.597,48.59,0,0,0,0,48.583,0,0,0,0,48.59,0,0,0
"P253",48.70415,48.7,48.707,48.735,48.673,48.721,48.735,48.721,48.707,48.707,48.701,48.7,48.714,48.694,48.701,48.714,48.701,48.721,48.7,48.694,48.687
"P254",48.8276,0,0,0,0,48.831,48.838,48.831,0,0,0,0,48.832,0,0,0,0,48.831,0,0,0
"P255",48.9929444444444,48.997,49.004,49.024,48.997,49.018,49.017,49.011,48.942,49.018,48.942,49.004,49.004,0,48.935,49.018,49.004,49.011,0,49.004,48.983
"P256",49.129,49.128,0,0,0,0,0,0,0,49.128,0,0,0,49.128,0,0,0,0,49.128,0,49.128
"P257",49.209,0,0,0,0,0,0,0,0,0,0,0,0,0,0,0,0,0,0,0,49.204
"P258",49.34,0,0,0,49.328,0,49.403,0,49.328,0,49.342,0,0,0,0,0,49.314,0,0,0,0
"P259",49.447,0,0,0,0,0,0,0,0,0,0,0,0,0,0,0,0,49.452,0,0,0
"P260",49.5751,0,0,49.583,49.576,0,0,49.583,49.583,0,49.59,49.576,0,0,0,49.583,49.576,49.576,0,0,49.555
"P261",49.6985,0,0,49.707,0,0,49.707,49.7,0,0,0,0,0,0,0,49.7,0,0,0,0,0
"P262",49.7926666666667,49.811,49.797,0,49.79,0,49.817,49.804,49.804,49.783,49.804,0,0,0,49.783,0,49.783,0,49.79,0,49.776
"P263",50.033,0,0,50.045,0,50.038,50.045,50.031,0,0,0,0,50.031,0,0,0,0,50.038,0,0,0
"P264",50.1957142857143,0,0,50.204,0,50.183,50.217,50.183,0,0,0,0,50.176,0,0,50.259,0,50.183,0,0,0
"P265",50.3736875,50.39,50.369,0,50.39,50.376,0,50.383,50.376,50.376,50.376,50.376,0,50.383,50.369,50.376,50.369,0,50.376,50.362,50.362
"P266",50.5135333333333,50.521,50.507,50.521,50.521,50.521,0,50.535,50.521,50.514,50.514,0,0,50.514,50.514,50.514,50.507,0,0,50.507,50.507
"P267",51.0505,0,0,0,51.066,0,0,0,0,0,0,0,0,0,51.045,0,0,0,0,0,0
"P268",51.2695555555556,0,0,0,0,51.272,51.293,51.272,51.286,0,0,0,51.259,0,0,51.259,51.266,51.272,51.272,0,0
"P269",51.664,0,0,51.679,0,0,0,0,0,0,0,0,0,0,0,51.659,0,0,0,0,0
"P270",51.829,0,0,0,0,0,0,0,0,0,0,0,0,0,0,0,0,0,51.824,0,0
"P271",52.06,0,0,0,52.072,0,0,0,0,0,0,0,0,0,0,0,0,52.058,0,0,0
"P272",52.1913333333333,0,0,52.203,0,52.196,52.203,52.21,0,0,0,0,0,0,0,52.19,0,52.176,0,0,0
"P273",52.3324736842105,52.334,52.341,0,52.334,52.348,52.348,52.348,52.341,52.334,52.334,52.32,52.327,52.334,52.328,52.334,52.355,52.327,52.341,52.314,52.32
"P274",52.474,0,0,52.486,0,0,52.486,52.472,0,0,0,0,0,0,0,52.472,0,0,0,0,0
"P275",52.6218333333333,0,52.624,52.679,52.624,0,52.686,52.631,52.631,52.61,52.61,52.589,52.631,0,52.583,0,0,52.624,0,0,0
"P276",53.2925714285714,0,0,53.334,0,53.258,53.279,53.32,0,0,0,0,53.314,0,0,53.327,0,53.251,0,0,0
"P277",54.6041666666667,0,0,0,0,54.624,54.63,54.617,0,0,0,0,54.603,0,0,0,0,54.603,0,0,54.568
"P278",55.005,0,0,55.01,0,0,0,0,0,0,0,0,0,0,0,0,0,0,0,0,0
"P279",55.163,0,0,0,0,0,0,0,55.168,0,0,0,0,0,0,0,0,0,0,0,0
"P280",55.6565,0,0,0,0,0,0,0,0,0,0,0,0,0,55.644,0,0,55.679,0,0,0
"P281",55.7807,0,0,0,55.796,0,0,0,55.796,55.789,55.796,55.803,55.775,55.768,0,55.782,55.768,0,0,55.754,0
"P282",56.158875,56.147,56.175,0,56.168,56.168,0,0,56.175,56.154,56.161,0,56.154,56.148,56.154,56.168,56.189,56.141,56.175,56.141,56.154
"P283",56.318,0,0,56.34,0,0,56.333,56.347,0,0,0,56.272,0,0,0,0,0,0,0,0,0
"P284",56.6966666666667,56.671,56.706,56.768,56.706,56.706,56.706,56.713,56.699,56.706,56.706,0,56.678,56.678,0,56.685,0,56.692,0,56.685,0
"P285",57.618,0,0,0,0,0,0,0,0,0,0,0,0,0,0,57.623,0,0,0,0,0
"P286",58.921,0,0,0,0,0,0,0,0,0,0,0,0,0,0,0,0,58.926,0,0,0
